age,workclass,education,marital-status,occupation,race,sex,capital-gain,capital-loss,hours-per-week,native-country,CF_user,candid,clf,Method_cfe,income
52,?,12th,Never-married,?,Black,Male,594,0,40,United-States,0,u0,PassiveAggressiveClassifier,random,0
52,?,Doctorate,Married-civ-spouse,?,Black,Male,594,0,40,United-States,1,u0,PassiveAggressiveClassifier,random,1
52,?,Doctorate,Never-married,Exec-managerial,Black,Male,594,0,40,United-States,1,u0,PassiveAggressiveClassifier,random,1
52,?,Doctorate,Never-married,Sales,Black,Male,594,0,40,United-States,1,u0,PassiveAggressiveClassifier,random,1
52,Federal-gov,Doctorate,Never-married,?,Black,Male,594,0,40,United-States,1,u0,PassiveAggressiveClassifier,random,1
52,?,Doctorate,Never-married,Prof-specialty,Black,Male,594,0,40,United-States,1,u0,PassiveAggressiveClassifier,random,1
55,State-gov,Some-college,Divorced,Prof-specialty,Black,Female,0,0,37,United-States,0,u1,PassiveAggressiveClassifier,random,0
55,Self-emp-inc,Doctorate,Divorced,Exec-managerial,Black,Female,0,0,37,United-States,1,u1,PassiveAggressiveClassifier,random,1
55,Self-emp-inc,Doctorate,Divorced,Prof-specialty,Black,Female,0,0,37,United-States,1,u1,PassiveAggressiveClassifier,random,1
55,Federal-gov,Doctorate,Divorced,Prof-specialty,Black,Female,0,0,37,United-States,1,u1,PassiveAggressiveClassifier,random,1
55,Never-worked,Doctorate,Divorced,Prof-specialty,Black,Female,0,0,37,United-States,1,u1,PassiveAggressiveClassifier,random,1
55,Self-emp-not-inc,Doctorate,Divorced,Prof-specialty,Black,Female,0,0,37,United-States,1,u1,PassiveAggressiveClassifier,random,1
25,Private,HS-grad,Never-married,Adm-clerical,Black,Male,0,0,35,United-States,0,u2,PassiveAggressiveClassifier,random,0
25,Federal-gov,Doctorate,Never-married,Adm-clerical,Black,Male,0,0,35,United-States,1,u2,PassiveAggressiveClassifier,random,1
25,Private,Doctorate,Never-married,Machine-op-inspct,Black,Male,0,0,35,United-States,1,u2,PassiveAggressiveClassifier,random,1
25,Private,Doctorate,Never-married,Sales,Black,Male,0,0,35,United-States,1,u2,PassiveAggressiveClassifier,random,1
25,Self-emp-not-inc,Doctorate,Never-married,Adm-clerical,Black,Male,0,0,35,United-States,1,u2,PassiveAggressiveClassifier,random,1
25,Self-emp-inc,Doctorate,Never-married,Adm-clerical,Black,Male,0,0,35,United-States,1,u2,PassiveAggressiveClassifier,random,1
37,Private,1st-4th,Married-spouse-absent,Farming-fishing,White,Male,0,0,77,Mexico,0,u3,PassiveAggressiveClassifier,random,0
37,Private,Doctorate,Married-civ-spouse,Machine-op-inspct,White,Male,0,0,77,Mexico,1,u3,PassiveAggressiveClassifier,random,1
37,Private,Doctorate,Married-civ-spouse,Craft-repair,White,Male,0,0,77,Mexico,1,u3,PassiveAggressiveClassifier,random,1
37,Self-emp-not-inc,Doctorate,Divorced,Adm-clerical,White,Male,0,0,77,Mexico,1,u3,PassiveAggressiveClassifier,random,1
37,Private,9th,Never-married,Priv-house-serv,White,Female,0,0,30,El-Salvador,0,u4,PassiveAggressiveClassifier,random,0
37,Self-emp-not-inc,Doctorate,Married-civ-spouse,Priv-house-serv,White,Female,0,0,30,El-Salvador,1,u4,PassiveAggressiveClassifier,random,1
37,Self-emp-not-inc,Doctorate,Married-civ-spouse,Tech-support,White,Female,0,0,30,El-Salvador,1,u4,PassiveAggressiveClassifier,random,1
37,Private,Assoc-voc,Married-civ-spouse,Adm-clerical,White,Male,3471,0,40,United-States,0,u5,PassiveAggressiveClassifier,random,0
37,Federal-gov,Assoc-voc,Never-married,Adm-clerical,White,Male,3471,0,40,United-States,1,u5,PassiveAggressiveClassifier,random,0
37,Private,11th,Divorced,Adm-clerical,White,Male,3471,0,40,United-States,1,u5,PassiveAggressiveClassifier,random,0
37,Private,Assoc-voc,Separated,Other-service,White,Male,3471,0,40,United-States,1,u5,PassiveAggressiveClassifier,random,0
37,Local-gov,Assoc-acdm,Married-civ-spouse,Adm-clerical,White,Male,3471,0,40,United-States,1,u5,PassiveAggressiveClassifier,random,0
37,Private,Assoc-voc,Married-spouse-absent,Transport-moving,White,Male,3471,0,40,United-States,1,u5,PassiveAggressiveClassifier,random,0
40,Private,HS-grad,Married-civ-spouse,Machine-op-inspct,White,Male,0,0,40,United-States,0,u6,PassiveAggressiveClassifier,random,0
40,Federal-gov,Assoc-voc,Married-civ-spouse,Machine-op-inspct,White,Male,0,0,40,United-States,1,u6,PassiveAggressiveClassifier,random,1
40,Private,Prof-school,Married-civ-spouse,Exec-managerial,White,Male,0,0,40,United-States,1,u6,PassiveAggressiveClassifier,random,1
40,Self-emp-inc,HS-grad,Married-civ-spouse,Sales,White,Male,0,0,40,United-States,1,u6,PassiveAggressiveClassifier,random,1
40,Private,Doctorate,Never-married,Machine-op-inspct,White,Male,0,0,40,United-States,1,u6,PassiveAggressiveClassifier,random,1
40,Self-emp-inc,Prof-school,Married-civ-spouse,Machine-op-inspct,White,Male,0,0,40,United-States,1,u6,PassiveAggressiveClassifier,random,1
34,Local-gov,Some-college,Never-married,Protective-serv,White,Female,0,0,40,United-States,0,u7,PassiveAggressiveClassifier,random,0
34,Federal-gov,Doctorate,Divorced,Protective-serv,White,Female,0,0,40,United-States,1,u7,PassiveAggressiveClassifier,random,1
34,Local-gov,Doctorate,Divorced,Prof-specialty,White,Female,0,0,40,United-States,1,u7,PassiveAggressiveClassifier,random,1
34,Self-emp-not-inc,Doctorate,Never-married,Adm-clerical,White,Female,0,0,40,United-States,1,u7,PassiveAggressiveClassifier,random,1
34,Self-emp-not-inc,Doctorate,Never-married,Prof-specialty,White,Female,0,0,40,United-States,1,u7,PassiveAggressiveClassifier,random,1
34,Local-gov,Doctorate,Married-civ-spouse,Protective-serv,White,Female,0,0,40,United-States,1,u7,PassiveAggressiveClassifier,random,1
47,Private,Assoc-voc,Divorced,Sales,White,Male,0,0,50,United-States,0,u8,PassiveAggressiveClassifier,random,0
47,Self-emp-not-inc,Doctorate,Divorced,Sales,White,Male,0,0,50,United-States,1,u8,PassiveAggressiveClassifier,random,1
47,?,Doctorate,Divorced,Sales,White,Male,0,0,50,United-States,1,u8,PassiveAggressiveClassifier,random,1
47,Private,Doctorate,Divorced,Machine-op-inspct,White,Male,0,0,50,United-States,1,u8,PassiveAggressiveClassifier,random,1
47,Private,Prof-school,Married-civ-spouse,Sales,White,Male,0,0,50,United-States,1,u8,PassiveAggressiveClassifier,random,1
47,Self-emp-inc,Prof-school,Divorced,Sales,White,Male,0,0,50,United-States,1,u8,PassiveAggressiveClassifier,random,1
90,?,HS-grad,Widowed,?,White,Male,401,0,4,United-States,0,u9,PassiveAggressiveClassifier,random,0
90,?,Doctorate,Divorced,Other-service,White,Male,401,0,4,United-States,1,u9,PassiveAggressiveClassifier,random,1
90,Self-emp-inc,HS-grad,Married-civ-spouse,Craft-repair,White,Male,401,0,4,United-States,1,u9,PassiveAggressiveClassifier,random,1
90,Never-worked,Doctorate,Divorced,?,White,Male,401,0,4,United-States,1,u9,PassiveAggressiveClassifier,random,1
90,Never-worked,HS-grad,Married-civ-spouse,Priv-house-serv,White,Male,401,0,4,United-States,1,u9,PassiveAggressiveClassifier,random,1
90,Self-emp-not-inc,Doctorate,Never-married,?,White,Male,401,0,4,United-States,1,u9,PassiveAggressiveClassifier,random,1
62,?,HS-grad,Never-married,?,White,Male,0,0,40,United-States,0,u10,PassiveAggressiveClassifier,random,0
62,Never-worked,HS-grad,Married-civ-spouse,Sales,White,Male,0,0,40,United-States,1,u10,PassiveAggressiveClassifier,random,1
62,Never-worked,Prof-school,Married-civ-spouse,?,White,Male,0,0,40,United-States,1,u10,PassiveAggressiveClassifier,random,1
62,?,Doctorate,Never-married,Sales,White,Male,0,0,40,United-States,1,u10,PassiveAggressiveClassifier,random,1
62,?,Doctorate,Married-civ-spouse,?,White,Male,0,0,40,United-States,1,u10,PassiveAggressiveClassifier,random,1
62,Self-emp-inc,HS-grad,Married-civ-spouse,Sales,White,Male,0,0,40,United-States,1,u10,PassiveAggressiveClassifier,random,1
49,Self-emp-not-inc,Doctorate,Married-civ-spouse,Prof-specialty,White,Male,0,0,60,United-States,0,u11,PassiveAggressiveClassifier,random,0
49,?,9th,Married-civ-spouse,Prof-specialty,White,Male,0,0,60,United-States,1,u11,PassiveAggressiveClassifier,random,0
49,Self-emp-not-inc,Some-college,Married-civ-spouse,Protective-serv,White,Male,0,0,60,United-States,1,u11,PassiveAggressiveClassifier,random,0
49,Self-emp-not-inc,1st-4th,Married-civ-spouse,Prof-specialty,White,Male,0,0,60,United-States,1,u11,PassiveAggressiveClassifier,random,0
49,Self-emp-not-inc,Assoc-voc,Married-civ-spouse,Prof-specialty,White,Male,0,0,60,United-States,1,u11,PassiveAggressiveClassifier,random,0
49,Self-emp-not-inc,Assoc-voc,Married-civ-spouse,Craft-repair,White,Male,0,0,60,United-States,1,u11,PassiveAggressiveClassifier,random,0
56,Local-gov,Some-college,Divorced,Protective-serv,Black,Male,0,0,48,United-States,0,u12,PassiveAggressiveClassifier,random,0
56,Self-emp-not-inc,Doctorate,Divorced,Protective-serv,Black,Male,0,0,48,United-States,1,u12,PassiveAggressiveClassifier,random,1
56,Local-gov,Doctorate,Divorced,Priv-house-serv,Black,Male,0,0,48,United-States,1,u12,PassiveAggressiveClassifier,random,1
56,Local-gov,Doctorate,Divorced,Exec-managerial,Black,Male,0,0,48,United-States,1,u12,PassiveAggressiveClassifier,random,1
56,Federal-gov,Doctorate,Divorced,Protective-serv,Black,Male,0,0,48,United-States,1,u12,PassiveAggressiveClassifier,random,1
56,Local-gov,Doctorate,Divorced,Sales,Black,Male,0,0,48,United-States,1,u12,PassiveAggressiveClassifier,random,1
25,Private,Some-college,Never-married,Adm-clerical,White,Female,0,0,30,United-States,0,u13,PassiveAggressiveClassifier,random,0
25,Private,Doctorate,Never-married,Adm-clerical,White,Female,0,0,30,United-States,1,u13,PassiveAggressiveClassifier,random,1
25,Private,Prof-school,Married-civ-spouse,Adm-clerical,White,Female,0,0,30,United-States,1,u13,PassiveAggressiveClassifier,random,1
25,Private,Doctorate,Never-married,Sales,White,Female,0,0,30,United-States,1,u13,PassiveAggressiveClassifier,random,1
25,Federal-gov,Doctorate,Never-married,Adm-clerical,White,Female,0,0,30,United-States,1,u13,PassiveAggressiveClassifier,random,1
25,Private,Doctorate,Divorced,Adm-clerical,White,Female,0,0,30,United-States,1,u13,PassiveAggressiveClassifier,random,1
27,Private,HS-grad,Married-civ-spouse,Machine-op-inspct,White,Male,0,0,40,United-States,0,u14,PassiveAggressiveClassifier,random,0
27,Self-emp-inc,HS-grad,Married-civ-spouse,Prof-specialty,White,Male,0,0,40,United-States,1,u14,PassiveAggressiveClassifier,random,1
27,Federal-gov,HS-grad,Married-civ-spouse,Sales,White,Male,0,0,40,United-States,1,u14,PassiveAggressiveClassifier,random,1
27,Private,Doctorate,Married-civ-spouse,?,White,Male,0,0,40,United-States,1,u14,PassiveAggressiveClassifier,random,1
27,Federal-gov,HS-grad,Married-civ-spouse,Machine-op-inspct,White,Male,0,0,40,United-States,1,u14,PassiveAggressiveClassifier,random,1
27,Private,Doctorate,Married-civ-spouse,Handlers-cleaners,White,Male,0,0,40,United-States,1,u14,PassiveAggressiveClassifier,random,1
56,Private,HS-grad,Divorced,Tech-support,Black,Female,0,0,40,United-States,0,u15,PassiveAggressiveClassifier,random,0
56,Private,Doctorate,Divorced,Prof-specialty,Black,Female,0,0,40,United-States,1,u15,PassiveAggressiveClassifier,random,1
56,Private,Doctorate,Divorced,Machine-op-inspct,Black,Female,0,0,40,United-States,1,u15,PassiveAggressiveClassifier,random,1
56,Private,Doctorate,Divorced,Adm-clerical,Black,Female,0,0,40,United-States,1,u15,PassiveAggressiveClassifier,random,1
56,Self-emp-inc,Doctorate,Divorced,Tech-support,Black,Female,0,0,40,United-States,1,u15,PassiveAggressiveClassifier,random,1
56,Private,Doctorate,Divorced,Sales,Black,Female,0,0,40,United-States,1,u15,PassiveAggressiveClassifier,random,1
20,Private,Some-college,Never-married,Craft-repair,White,Male,0,0,40,United-States,0,u16,PassiveAggressiveClassifier,random,0
20,Private,Doctorate,Never-married,Sales,White,Male,0,0,40,United-States,1,u16,PassiveAggressiveClassifier,random,1
20,Private,Doctorate,Never-married,Priv-house-serv,White,Male,0,0,40,United-States,1,u16,PassiveAggressiveClassifier,random,1
20,Private,Prof-school,Married-civ-spouse,Craft-repair,White,Male,0,0,40,United-States,1,u16,PassiveAggressiveClassifier,random,1
20,Private,Doctorate,Divorced,Craft-repair,White,Male,0,0,40,United-States,1,u16,PassiveAggressiveClassifier,random,1
20,Federal-gov,Doctorate,Never-married,Craft-repair,White,Male,0,0,40,United-States,1,u16,PassiveAggressiveClassifier,random,1
34,State-gov,Assoc-voc,Never-married,Adm-clerical,White,Female,0,0,40,United-States,0,u17,PassiveAggressiveClassifier,random,0
34,Never-worked,Prof-school,Married-civ-spouse,Adm-clerical,White,Female,0,0,40,United-States,1,u17,PassiveAggressiveClassifier,random,1
34,Self-emp-inc,Doctorate,Married-civ-spouse,Adm-clerical,White,Female,0,0,40,United-States,1,u17,PassiveAggressiveClassifier,random,1
34,Federal-gov,Doctorate,Never-married,Transport-moving,White,Female,0,0,40,United-States,1,u17,PassiveAggressiveClassifier,random,1
34,?,Doctorate,Married-civ-spouse,Adm-clerical,White,Female,0,0,40,United-States,1,u17,PassiveAggressiveClassifier,random,1
34,Self-emp-not-inc,Doctorate,Separated,Adm-clerical,White,Female,0,0,40,United-States,1,u17,PassiveAggressiveClassifier,random,1
44,Private,Some-college,Married-civ-spouse,Tech-support,White,Male,0,0,40,United-States,0,u18,PassiveAggressiveClassifier,random,0
44,Private,Doctorate,Never-married,Tech-support,White,Male,0,0,40,United-States,1,u18,PassiveAggressiveClassifier,random,1
44,Federal-gov,Doctorate,Married-civ-spouse,Tech-support,White,Male,0,0,40,United-States,1,u18,PassiveAggressiveClassifier,random,1
44,Self-emp-inc,Some-college,Married-civ-spouse,Adm-clerical,White,Male,0,0,40,United-States,1,u18,PassiveAggressiveClassifier,random,1
44,Private,Prof-school,Married-civ-spouse,Tech-support,White,Male,0,0,40,United-States,1,u18,PassiveAggressiveClassifier,random,1
44,Self-emp-inc,Doctorate,Married-civ-spouse,Tech-support,White,Male,0,0,40,United-States,1,u18,PassiveAggressiveClassifier,random,1
40,Private,Assoc-voc,Never-married,Prof-specialty,White,Male,0,0,42,United-States,0,u19,PassiveAggressiveClassifier,random,0
40,Private,Doctorate,Separated,Prof-specialty,White,Male,0,0,42,United-States,1,u19,PassiveAggressiveClassifier,random,1
40,Private,Doctorate,Never-married,Exec-managerial,White,Male,0,0,42,United-States,1,u19,PassiveAggressiveClassifier,random,1
40,Private,Doctorate,Never-married,Priv-house-serv,White,Male,0,0,42,United-States,1,u19,PassiveAggressiveClassifier,random,1
40,Federal-gov,Doctorate,Never-married,Prof-specialty,White,Male,0,0,42,United-States,1,u19,PassiveAggressiveClassifier,random,1
40,Self-emp-not-inc,Doctorate,Never-married,Prof-specialty,White,Male,0,0,42,United-States,1,u19,PassiveAggressiveClassifier,random,1
31,Private,Bachelors,Never-married,Exec-managerial,White,Female,0,0,40,United-States,0,u20,PassiveAggressiveClassifier,random,0
31,Private,Doctorate,Never-married,Adm-clerical,White,Female,0,0,40,United-States,1,u20,PassiveAggressiveClassifier,random,1
31,Private,Doctorate,Married-civ-spouse,Exec-managerial,White,Female,0,0,40,United-States,1,u20,PassiveAggressiveClassifier,random,1
31,Private,Prof-school,Married-civ-spouse,Exec-managerial,White,Female,0,0,40,United-States,1,u20,PassiveAggressiveClassifier,random,1
31,Private,Doctorate,Divorced,Exec-managerial,White,Female,0,0,40,United-States,1,u20,PassiveAggressiveClassifier,random,1
31,Never-worked,Doctorate,Never-married,Exec-managerial,White,Female,0,0,40,United-States,1,u20,PassiveAggressiveClassifier,random,1
34,Private,Bachelors,Never-married,Prof-specialty,White,Female,0,0,40,United-States,0,u21,PassiveAggressiveClassifier,random,0
34,Private,Doctorate,Never-married,Prof-specialty,White,Female,0,0,40,United-States,1,u21,PassiveAggressiveClassifier,random,1
34,Never-worked,Doctorate,Never-married,Prof-specialty,White,Female,0,0,40,United-States,1,u21,PassiveAggressiveClassifier,random,1
34,Self-emp-inc,Doctorate,Never-married,Prof-specialty,White,Female,0,0,40,United-States,1,u21,PassiveAggressiveClassifier,random,1
34,Private,Doctorate,Never-married,Exec-managerial,White,Female,0,0,40,United-States,1,u21,PassiveAggressiveClassifier,random,1
34,Self-emp-not-inc,Doctorate,Never-married,Prof-specialty,White,Female,0,0,40,United-States,1,u21,PassiveAggressiveClassifier,random,1
25,Private,Bachelors,Never-married,Sales,White,Male,3325,0,48,United-States,0,u22,PassiveAggressiveClassifier,random,0
25,Private,Doctorate,Never-married,Machine-op-inspct,White,Male,3325,0,48,United-States,1,u22,PassiveAggressiveClassifier,random,1
25,Self-emp-not-inc,Bachelors,Married-civ-spouse,Sales,White,Male,3325,0,48,United-States,1,u22,PassiveAggressiveClassifier,random,1
25,Private,Bachelors,Married-civ-spouse,Machine-op-inspct,White,Male,3325,0,48,United-States,1,u22,PassiveAggressiveClassifier,random,1
25,Private,Doctorate,Married-civ-spouse,Sales,White,Male,3325,0,48,United-States,1,u22,PassiveAggressiveClassifier,random,1
25,Private,Assoc-acdm,Married-civ-spouse,Sales,White,Male,3325,0,48,United-States,1,u22,PassiveAggressiveClassifier,random,1
37,State-gov,Some-college,Married-civ-spouse,Exec-managerial,White,Male,0,0,38,United-States,0,u23,PassiveAggressiveClassifier,random,0
37,Self-emp-inc,Some-college,Married-civ-spouse,Sales,White,Male,0,0,38,United-States,1,u23,PassiveAggressiveClassifier,random,1
37,Federal-gov,Some-college,Married-civ-spouse,Sales,White,Male,0,0,38,United-States,1,u23,PassiveAggressiveClassifier,random,1
37,State-gov,Doctorate,Married-civ-spouse,Protective-serv,White,Male,0,0,38,United-States,1,u23,PassiveAggressiveClassifier,random,1
37,Local-gov,Doctorate,Married-civ-spouse,Exec-managerial,White,Male,0,0,38,United-States,1,u23,PassiveAggressiveClassifier,random,1
37,Self-emp-inc,Prof-school,Married-civ-spouse,Exec-managerial,White,Male,0,0,38,United-States,1,u23,PassiveAggressiveClassifier,random,1
22,Private,HS-grad,Never-married,Other-service,White,Male,0,0,20,United-States,0,u24,PassiveAggressiveClassifier,random,0
22,Private,Doctorate,Never-married,Prof-specialty,White,Male,0,0,20,United-States,1,u24,PassiveAggressiveClassifier,random,1
22,Federal-gov,Doctorate,Never-married,Other-service,White,Male,0,0,20,United-States,1,u24,PassiveAggressiveClassifier,random,1
22,Private,Doctorate,Never-married,Exec-managerial,White,Male,0,0,20,United-States,1,u24,PassiveAggressiveClassifier,random,1
22,Private,Doctorate,Never-married,Tech-support,White,Male,0,0,20,United-States,1,u24,PassiveAggressiveClassifier,random,1
22,Self-emp-inc,Doctorate,Never-married,Other-service,White,Male,0,0,20,United-States,1,u24,PassiveAggressiveClassifier,random,1
20,Private,Some-college,Never-married,Other-service,White,Male,0,0,50,United-States,0,u25,PassiveAggressiveClassifier,random,0
20,Self-emp-inc,Doctorate,Never-married,Other-service,White,Male,0,0,50,United-States,1,u25,PassiveAggressiveClassifier,random,1
20,Private,Doctorate,Never-married,Tech-support,White,Male,0,0,50,United-States,1,u25,PassiveAggressiveClassifier,random,1
20,Private,Doctorate,Married-civ-spouse,Other-service,White,Male,0,0,50,United-States,1,u25,PassiveAggressiveClassifier,random,1
20,Private,Doctorate,Never-married,Machine-op-inspct,White,Male,0,0,50,United-States,1,u25,PassiveAggressiveClassifier,random,1
20,Private,Doctorate,Never-married,Sales,White,Male,0,0,50,United-States,1,u25,PassiveAggressiveClassifier,random,1
27,Private,Some-college,Divorced,Prof-specialty,White,Female,0,0,40,United-States,0,u26,PassiveAggressiveClassifier,random,0
27,Private,Doctorate,Divorced,Sales,White,Female,0,0,40,United-States,1,u26,PassiveAggressiveClassifier,random,1
27,Federal-gov,Doctorate,Divorced,Prof-specialty,White,Female,0,0,40,United-States,1,u26,PassiveAggressiveClassifier,random,1
27,Private,Doctorate,Separated,Prof-specialty,White,Female,0,0,40,United-States,1,u26,PassiveAggressiveClassifier,random,1
27,Local-gov,Doctorate,Divorced,Prof-specialty,White,Female,0,0,40,United-States,1,u26,PassiveAggressiveClassifier,random,1
27,Never-worked,Doctorate,Divorced,Prof-specialty,White,Female,0,0,40,United-States,1,u26,PassiveAggressiveClassifier,random,1
48,Private,HS-grad,Divorced,Machine-op-inspct,Other,Female,0,0,38,Ecuador,0,u27,PassiveAggressiveClassifier,random,0
48,Private,Doctorate,Married-civ-spouse,Adm-clerical,Other,Female,0,0,38,Ecuador,1,u27,PassiveAggressiveClassifier,random,1
48,Self-emp-inc,Doctorate,Divorced,Machine-op-inspct,Other,Female,0,0,38,Ecuador,1,u27,PassiveAggressiveClassifier,random,1
48,?,Doctorate,Married-civ-spouse,Machine-op-inspct,Other,Female,0,0,38,Ecuador,1,u27,PassiveAggressiveClassifier,random,1
48,Private,Doctorate,Married-civ-spouse,Machine-op-inspct,Other,Female,0,0,38,Ecuador,1,u27,PassiveAggressiveClassifier,random,1
48,Self-emp-inc,Doctorate,Divorced,Adm-clerical,Other,Female,0,0,38,Ecuador,1,u27,PassiveAggressiveClassifier,random,1
34,Private,Bachelors,Divorced,Craft-repair,White,Female,0,0,25,United-States,0,u28,PassiveAggressiveClassifier,random,0
34,Private,Doctorate,Divorced,Exec-managerial,White,Female,0,0,25,United-States,1,u28,PassiveAggressiveClassifier,random,1
34,Private,Doctorate,Married-civ-spouse,Craft-repair,White,Female,0,0,25,United-States,1,u28,PassiveAggressiveClassifier,random,1
34,Self-emp-inc,Doctorate,Divorced,Craft-repair,White,Female,0,0,25,United-States,1,u28,PassiveAggressiveClassifier,random,1
34,Private,Doctorate,Divorced,Adm-clerical,White,Female,0,0,25,United-States,1,u28,PassiveAggressiveClassifier,random,1
34,Federal-gov,Doctorate,Divorced,Craft-repair,White,Female,0,0,25,United-States,1,u28,PassiveAggressiveClassifier,random,1
67,?,7th-8th,Married-civ-spouse,?,White,Male,2414,0,40,United-States,0,u29,PassiveAggressiveClassifier,random,0
67,?,Assoc-voc,Married-civ-spouse,Sales,White,Male,2414,0,40,United-States,1,u29,PassiveAggressiveClassifier,random,1
67,?,HS-grad,Married-civ-spouse,Sales,White,Male,2414,0,40,United-States,1,u29,PassiveAggressiveClassifier,random,1
67,?,Prof-school,Married-civ-spouse,Priv-house-serv,White,Male,2414,0,40,United-States,1,u29,PassiveAggressiveClassifier,random,1
67,Never-worked,Doctorate,Married-civ-spouse,?,White,Male,2414,0,40,United-States,1,u29,PassiveAggressiveClassifier,random,1
67,?,Doctorate,Married-civ-spouse,Craft-repair,White,Male,2414,0,40,United-States,1,u29,PassiveAggressiveClassifier,random,1
70,?,HS-grad,Widowed,?,White,Female,2009,0,40,United-States,0,u30,PassiveAggressiveClassifier,random,0
70,?,Prof-school,Married-civ-spouse,Adm-clerical,White,Female,2009,0,40,United-States,1,u30,PassiveAggressiveClassifier,random,1
70,?,Doctorate,Separated,Tech-support,White,Female,2009,0,40,United-States,1,u30,PassiveAggressiveClassifier,random,1
70,Federal-gov,Doctorate,Widowed,Machine-op-inspct,White,Female,2009,0,40,United-States,1,u30,PassiveAggressiveClassifier,random,1
70,?,Doctorate,Married-civ-spouse,Craft-repair,White,Female,2009,0,40,United-States,1,u30,PassiveAggressiveClassifier,random,1
70,Federal-gov,Doctorate,Divorced,?,White,Female,2009,0,40,United-States,1,u30,PassiveAggressiveClassifier,random,1
32,Self-emp-not-inc,Bachelors,Married-civ-spouse,Exec-managerial,Black,Male,0,0,40,?,0,u31,PassiveAggressiveClassifier,random,0
32,Self-emp-not-inc,Doctorate,Married-civ-spouse,Prof-specialty,Black,Male,0,0,40,?,1,u31,PassiveAggressiveClassifier,random,1
32,Federal-gov,Doctorate,Married-civ-spouse,Exec-managerial,Black,Male,0,0,40,?,1,u31,PassiveAggressiveClassifier,random,1
32,Self-emp-not-inc,Doctorate,Married-civ-spouse,Exec-managerial,Black,Male,0,0,40,?,1,u31,PassiveAggressiveClassifier,random,1
32,Self-emp-not-inc,Doctorate,Married-civ-spouse,Sales,Black,Male,0,0,40,?,1,u31,PassiveAggressiveClassifier,random,1
32,Private,Doctorate,Married-civ-spouse,Exec-managerial,Black,Male,0,0,40,?,1,u31,PassiveAggressiveClassifier,random,1
36,Self-emp-not-inc,Some-college,Married-civ-spouse,Exec-managerial,White,Male,0,0,52,United-States,0,u32,PassiveAggressiveClassifier,random,0
36,Self-emp-inc,Some-college,Married-civ-spouse,Adm-clerical,White,Male,0,0,52,United-States,1,u32,PassiveAggressiveClassifier,random,1
36,Self-emp-not-inc,Doctorate,Married-civ-spouse,Other-service,White,Male,0,0,52,United-States,1,u32,PassiveAggressiveClassifier,random,1
36,Federal-gov,Some-college,Married-civ-spouse,Prof-specialty,White,Male,0,0,52,United-States,1,u32,PassiveAggressiveClassifier,random,1
36,Self-emp-not-inc,Doctorate,Divorced,Exec-managerial,White,Male,0,0,52,United-States,1,u32,PassiveAggressiveClassifier,random,1
36,Self-emp-not-inc,Doctorate,Married-civ-spouse,Handlers-cleaners,White,Male,0,0,52,United-States,1,u32,PassiveAggressiveClassifier,random,1
30,Private,HS-grad,Never-married,Machine-op-inspct,White,Male,0,0,45,United-States,0,u33,PassiveAggressiveClassifier,random,0
30,Private,Doctorate,Separated,Machine-op-inspct,White,Male,0,0,45,United-States,1,u33,PassiveAggressiveClassifier,random,1
30,Private,Doctorate,Never-married,Craft-repair,White,Male,0,0,45,United-States,1,u33,PassiveAggressiveClassifier,random,1
30,Private,Doctorate,Divorced,Machine-op-inspct,White,Male,0,0,45,United-States,1,u33,PassiveAggressiveClassifier,random,1
30,Private,Doctorate,Never-married,Sales,White,Male,0,0,45,United-States,1,u33,PassiveAggressiveClassifier,random,1
30,Local-gov,Doctorate,Never-married,Machine-op-inspct,White,Male,0,0,45,United-States,1,u33,PassiveAggressiveClassifier,random,1
52,Private,Masters,Married-civ-spouse,Exec-managerial,White,Male,0,0,40,United-States,0,u34,PassiveAggressiveClassifier,random,0
52,Self-emp-inc,HS-grad,Married-civ-spouse,Exec-managerial,White,Male,0,0,40,United-States,1,u34,PassiveAggressiveClassifier,random,1
52,Private,Doctorate,Married-civ-spouse,Adm-clerical,White,Male,0,0,40,United-States,1,u34,PassiveAggressiveClassifier,random,1
52,?,Prof-school,Married-civ-spouse,Exec-managerial,White,Male,0,0,40,United-States,1,u34,PassiveAggressiveClassifier,random,1
52,Self-emp-inc,Masters,Married-civ-spouse,Exec-managerial,White,Male,0,0,40,United-States,1,u34,PassiveAggressiveClassifier,random,1
52,Never-worked,Masters,Married-civ-spouse,Machine-op-inspct,White,Male,0,0,40,United-States,1,u34,PassiveAggressiveClassifier,random,1
64,Private,11th,Married-civ-spouse,Craft-repair,White,Male,0,2179,40,United-States,0,u35,PassiveAggressiveClassifier,random,0
64,Private,1st-4th,Married-civ-spouse,Sales,White,Male,0,2179,40,United-States,1,u35,PassiveAggressiveClassifier,random,1
64,Private,Assoc-voc,Married-civ-spouse,Priv-house-serv,White,Male,0,2179,40,United-States,1,u35,PassiveAggressiveClassifier,random,1
64,Never-worked,Doctorate,Married-civ-spouse,Craft-repair,White,Male,0,2179,40,United-States,1,u35,PassiveAggressiveClassifier,random,1
64,Private,Prof-school,Divorced,Craft-repair,White,Male,0,2179,40,United-States,1,u35,PassiveAggressiveClassifier,random,1
64,Never-worked,Some-college,Married-civ-spouse,Craft-repair,White,Male,0,2179,40,United-States,1,u35,PassiveAggressiveClassifier,random,1
19,Private,Some-college,Never-married,Sales,White,Male,0,0,15,United-States,0,u36,PassiveAggressiveClassifier,random,0
19,Self-emp-inc,Doctorate,Never-married,Sales,White,Male,0,0,15,United-States,1,u36,PassiveAggressiveClassifier,random,1
19,Private,Doctorate,Never-married,Machine-op-inspct,White,Male,0,0,15,United-States,1,u36,PassiveAggressiveClassifier,random,1
19,Private,Doctorate,Never-married,Priv-house-serv,White,Male,0,0,15,United-States,1,u36,PassiveAggressiveClassifier,random,1
19,Federal-gov,Doctorate,Never-married,Sales,White,Male,0,0,15,United-States,1,u36,PassiveAggressiveClassifier,random,1
19,Private,Doctorate,Separated,Sales,White,Male,0,0,15,United-States,1,u36,PassiveAggressiveClassifier,random,1
31,Private,Some-college,Never-married,Exec-managerial,White,Male,0,0,60,United-States,0,u37,PassiveAggressiveClassifier,random,0
31,Private,Doctorate,Never-married,Sales,White,Male,0,0,60,United-States,1,u37,PassiveAggressiveClassifier,random,1
31,Local-gov,Doctorate,Never-married,Exec-managerial,White,Male,0,0,60,United-States,1,u37,PassiveAggressiveClassifier,random,1
31,Self-emp-inc,Doctorate,Never-married,Exec-managerial,White,Male,0,0,60,United-States,1,u37,PassiveAggressiveClassifier,random,1
31,Self-emp-not-inc,Doctorate,Never-married,Exec-managerial,White,Male,0,0,60,United-States,1,u37,PassiveAggressiveClassifier,random,1
31,Private,Doctorate,Never-married,Exec-managerial,White,Male,0,0,60,United-States,1,u37,PassiveAggressiveClassifier,random,1
67,Local-gov,Bachelors,Divorced,Adm-clerical,Black,Female,6360,0,35,United-States,0,u38,PassiveAggressiveClassifier,random,0
67,Local-gov,Doctorate,Never-married,Adm-clerical,Black,Female,6360,0,35,United-States,1,u38,PassiveAggressiveClassifier,random,1
67,Local-gov,Bachelors,Married-civ-spouse,Prof-specialty,Black,Female,6360,0,35,United-States,1,u38,PassiveAggressiveClassifier,random,1
67,Self-emp-not-inc,Masters,Divorced,Adm-clerical,Black,Female,6360,0,35,United-States,1,u38,PassiveAggressiveClassifier,random,1
67,Federal-gov,Bachelors,Divorced,Machine-op-inspct,Black,Female,6360,0,35,United-States,1,u38,PassiveAggressiveClassifier,random,1
67,Local-gov,Bachelors,Married-civ-spouse,Sales,Black,Female,6360,0,35,United-States,1,u38,PassiveAggressiveClassifier,random,1
46,Private,9th,Divorced,Other-service,White,Male,0,0,25,United-States,0,u39,PassiveAggressiveClassifier,random,0
46,Private,Doctorate,Divorced,Other-service,White,Male,0,0,25,United-States,1,u39,PassiveAggressiveClassifier,random,1
46,Private,Prof-school,Divorced,Sales,White,Male,0,0,25,United-States,1,u39,PassiveAggressiveClassifier,random,1
46,Self-emp-not-inc,Doctorate,Divorced,Other-service,White,Male,0,0,25,United-States,1,u39,PassiveAggressiveClassifier,random,1
46,Private,Doctorate,Divorced,Prof-specialty,White,Male,0,0,25,United-States,1,u39,PassiveAggressiveClassifier,random,1
46,Private,Doctorate,Divorced,Machine-op-inspct,White,Male,0,0,25,United-States,1,u39,PassiveAggressiveClassifier,random,1
38,Private,HS-grad,Never-married,Handlers-cleaners,White,Male,594,0,50,United-States,0,u40,PassiveAggressiveClassifier,random,0
38,Private,Prof-school,Married-civ-spouse,Protective-serv,White,Male,594,0,50,United-States,1,u40,PassiveAggressiveClassifier,random,1
38,Federal-gov,Prof-school,Married-civ-spouse,Handlers-cleaners,White,Male,594,0,50,United-States,1,u40,PassiveAggressiveClassifier,random,1
38,Self-emp-inc,Doctorate,Never-married,Adm-clerical,White,Male,594,0,50,United-States,1,u40,PassiveAggressiveClassifier,random,1
38,Private,Doctorate,Never-married,Tech-support,White,Male,594,0,50,United-States,1,u40,PassiveAggressiveClassifier,random,1
38,Private,Doctorate,Never-married,Machine-op-inspct,White,Male,594,0,50,United-States,1,u40,PassiveAggressiveClassifier,random,1
27,Private,Bachelors,Never-married,Sales,White,Male,0,0,35,United-States,0,u41,PassiveAggressiveClassifier,random,0
27,Federal-gov,Prof-school,Never-married,Sales,White,Male,0,0,35,United-States,1,u41,PassiveAggressiveClassifier,random,1
27,Local-gov,Doctorate,Never-married,Sales,White,Male,0,0,35,United-States,1,u41,PassiveAggressiveClassifier,random,1
27,Self-emp-inc,Prof-school,Never-married,Sales,White,Male,0,0,35,United-States,1,u41,PassiveAggressiveClassifier,random,1
27,Private,Prof-school,Married-civ-spouse,Sales,White,Male,0,0,35,United-States,1,u41,PassiveAggressiveClassifier,random,1
27,Federal-gov,Doctorate,Never-married,Sales,White,Male,0,0,35,United-States,1,u41,PassiveAggressiveClassifier,random,1
49,Private,Assoc-voc,Divorced,Tech-support,White,Female,0,0,40,United-States,0,u42,PassiveAggressiveClassifier,random,0
49,Private,Doctorate,Divorced,Machine-op-inspct,White,Female,0,0,40,United-States,1,u42,PassiveAggressiveClassifier,random,1
49,Private,Doctorate,Divorced,Tech-support,White,Female,0,0,40,United-States,1,u42,PassiveAggressiveClassifier,random,1
49,Local-gov,Doctorate,Divorced,Tech-support,White,Female,0,0,40,United-States,1,u42,PassiveAggressiveClassifier,random,1
49,Private,Doctorate,Divorced,Prof-specialty,White,Female,0,0,40,United-States,1,u42,PassiveAggressiveClassifier,random,1
49,Private,Doctorate,Married-civ-spouse,Tech-support,White,Female,0,0,40,United-States,1,u42,PassiveAggressiveClassifier,random,1
49,Private,Assoc-voc,Married-civ-spouse,Adm-clerical,White,Male,0,0,40,United-States,0,u43,PassiveAggressiveClassifier,random,0
49,Self-emp-not-inc,Doctorate,Married-civ-spouse,Adm-clerical,White,Male,0,0,40,United-States,1,u43,PassiveAggressiveClassifier,random,1
49,Self-emp-inc,Bachelors,Married-civ-spouse,Adm-clerical,White,Male,0,0,40,United-States,1,u43,PassiveAggressiveClassifier,random,1
49,Private,Prof-school,Married-civ-spouse,Craft-repair,White,Male,0,0,40,United-States,1,u43,PassiveAggressiveClassifier,random,1
49,Never-worked,Masters,Married-civ-spouse,Adm-clerical,White,Male,0,0,40,United-States,1,u43,PassiveAggressiveClassifier,random,1
49,Self-emp-inc,Assoc-voc,Married-civ-spouse,Adm-clerical,White,Male,0,0,40,United-States,1,u43,PassiveAggressiveClassifier,random,1
37,Private,HS-grad,Married-civ-spouse,Exec-managerial,White,Male,0,0,55,United-States,0,u44,PassiveAggressiveClassifier,random,0
37,Federal-gov,HS-grad,Married-civ-spouse,Sales,White,Male,0,0,55,United-States,1,u44,PassiveAggressiveClassifier,random,1
37,Self-emp-not-inc,Prof-school,Married-civ-spouse,Exec-managerial,White,Male,0,0,55,United-States,1,u44,PassiveAggressiveClassifier,random,1
37,Federal-gov,HS-grad,Married-civ-spouse,Exec-managerial,White,Male,0,0,55,United-States,1,u44,PassiveAggressiveClassifier,random,1
37,Private,Doctorate,Married-civ-spouse,Other-service,White,Male,0,0,55,United-States,1,u44,PassiveAggressiveClassifier,random,1
37,Private,Doctorate,Separated,Exec-managerial,White,Male,0,0,55,United-States,1,u44,PassiveAggressiveClassifier,random,1
30,Local-gov,Bachelors,Married-civ-spouse,Prof-specialty,White,Male,0,0,40,United-States,0,u45,PassiveAggressiveClassifier,random,0
30,Local-gov,Prof-school,Married-civ-spouse,Tech-support,White,Male,0,0,40,United-States,1,u45,PassiveAggressiveClassifier,random,1
30,Self-emp-inc,Assoc-voc,Married-civ-spouse,Prof-specialty,White,Male,0,0,40,United-States,1,u45,PassiveAggressiveClassifier,random,1
30,Local-gov,Prof-school,Married-civ-spouse,Priv-house-serv,White,Male,0,0,40,United-States,1,u45,PassiveAggressiveClassifier,random,1
30,Local-gov,Prof-school,Married-civ-spouse,Exec-managerial,White,Male,0,0,40,United-States,1,u45,PassiveAggressiveClassifier,random,1
30,Self-emp-inc,Bachelors,Married-civ-spouse,Prof-specialty,White,Male,0,0,40,United-States,1,u45,PassiveAggressiveClassifier,random,1
57,Private,HS-grad,Married-civ-spouse,Craft-repair,White,Male,0,0,40,United-States,0,u46,PassiveAggressiveClassifier,random,0
57,Self-emp-not-inc,HS-grad,Married-civ-spouse,Sales,White,Male,0,0,40,United-States,1,u46,PassiveAggressiveClassifier,random,1
57,Private,Prof-school,Married-civ-spouse,Craft-repair,White,Male,0,0,40,United-States,1,u46,PassiveAggressiveClassifier,random,1
57,Local-gov,Prof-school,Married-civ-spouse,Craft-repair,White,Male,0,0,40,United-States,1,u46,PassiveAggressiveClassifier,random,1
57,Private,Doctorate,Married-civ-spouse,Handlers-cleaners,White,Male,0,0,40,United-States,1,u46,PassiveAggressiveClassifier,random,1
57,Private,Doctorate,Married-civ-spouse,Farming-fishing,White,Male,0,0,40,United-States,1,u46,PassiveAggressiveClassifier,random,1
43,Private,Bachelors,Separated,Prof-specialty,White,Female,0,0,40,United-States,0,u47,PassiveAggressiveClassifier,random,0
43,Private,Doctorate,Separated,Prof-specialty,White,Female,0,0,40,United-States,1,u47,PassiveAggressiveClassifier,random,1
43,Private,Doctorate,Never-married,Prof-specialty,White,Female,0,0,40,United-States,1,u47,PassiveAggressiveClassifier,random,1
43,Private,Doctorate,Separated,Sales,White,Female,0,0,40,United-States,1,u47,PassiveAggressiveClassifier,random,1
43,Local-gov,Doctorate,Separated,Prof-specialty,White,Female,0,0,40,United-States,1,u47,PassiveAggressiveClassifier,random,1
43,Private,Doctorate,Married-civ-spouse,Prof-specialty,White,Female,0,0,40,United-States,1,u47,PassiveAggressiveClassifier,random,1
46,Private,Bachelors,Widowed,Tech-support,White,Female,0,0,38,United-States,0,u48,PassiveAggressiveClassifier,random,0
46,Private,Doctorate,Separated,Machine-op-inspct,White,Female,0,0,38,United-States,1,u48,PassiveAggressiveClassifier,random,1
46,Private,Doctorate,Divorced,Machine-op-inspct,White,Female,0,0,38,United-States,1,u48,PassiveAggressiveClassifier,random,1
46,Private,Doctorate,Married-civ-spouse,Tech-support,White,Female,0,0,38,United-States,1,u48,PassiveAggressiveClassifier,random,1
46,Private,Doctorate,Separated,Tech-support,White,Female,0,0,38,United-States,1,u48,PassiveAggressiveClassifier,random,1
46,Private,Doctorate,Married-civ-spouse,?,White,Female,0,0,38,United-States,1,u48,PassiveAggressiveClassifier,random,1
25,Private,HS-grad,Separated,Other-service,Black,Male,0,0,40,United-States,0,u49,PassiveAggressiveClassifier,random,0
25,Self-emp-inc,Doctorate,Separated,Other-service,Black,Male,0,0,40,United-States,1,u49,PassiveAggressiveClassifier,random,1
25,Private,Doctorate,Separated,Machine-op-inspct,Black,Male,0,0,40,United-States,1,u49,PassiveAggressiveClassifier,random,1
25,Private,Doctorate,Separated,Prof-specialty,Black,Male,0,0,40,United-States,1,u49,PassiveAggressiveClassifier,random,1
25,Private,Doctorate,Separated,Exec-managerial,Black,Male,0,0,40,United-States,1,u49,PassiveAggressiveClassifier,random,1
25,Private,Doctorate,Separated,Priv-house-serv,Black,Male,0,0,40,United-States,1,u49,PassiveAggressiveClassifier,random,1
25,Private,Bachelors,Married-civ-spouse,Prof-specialty,White,Male,0,0,40,United-States,0,u50,PassiveAggressiveClassifier,random,0
25,Federal-gov,Some-college,Married-civ-spouse,Prof-specialty,White,Male,0,0,40,United-States,1,u50,PassiveAggressiveClassifier,random,1
25,Never-worked,Prof-school,Married-civ-spouse,Prof-specialty,White,Male,0,0,40,United-States,1,u50,PassiveAggressiveClassifier,random,1
25,Self-emp-not-inc,Prof-school,Married-civ-spouse,Prof-specialty,White,Male,0,0,40,United-States,1,u50,PassiveAggressiveClassifier,random,1
25,Local-gov,Doctorate,Married-civ-spouse,Prof-specialty,White,Male,0,0,40,United-States,1,u50,PassiveAggressiveClassifier,random,1
25,Private,Prof-school,Married-civ-spouse,Exec-managerial,White,Male,0,0,40,United-States,1,u50,PassiveAggressiveClassifier,random,1
55,Private,Some-college,Married-civ-spouse,Transport-moving,Black,Male,0,0,35,United-States,0,u51,PassiveAggressiveClassifier,random,0
55,Local-gov,Doctorate,Married-civ-spouse,Transport-moving,Black,Male,0,0,35,United-States,1,u51,PassiveAggressiveClassifier,random,1
55,Private,Doctorate,Married-civ-spouse,Prof-specialty,Black,Male,0,0,35,United-States,1,u51,PassiveAggressiveClassifier,random,1
55,Private,Doctorate,Married-civ-spouse,Adm-clerical,Black,Male,0,0,35,United-States,1,u51,PassiveAggressiveClassifier,random,1
55,Never-worked,Doctorate,Married-civ-spouse,Transport-moving,Black,Male,0,0,35,United-States,1,u51,PassiveAggressiveClassifier,random,1
55,State-gov,Doctorate,Married-civ-spouse,Transport-moving,Black,Male,0,0,35,United-States,1,u51,PassiveAggressiveClassifier,random,1
26,Private,Bachelors,Never-married,Adm-clerical,White,Male,0,0,40,United-States,0,u52,PassiveAggressiveClassifier,random,0
26,Private,Doctorate,Never-married,Craft-repair,White,Male,0,0,40,United-States,1,u52,PassiveAggressiveClassifier,random,1
26,Private,Doctorate,Never-married,Adm-clerical,White,Male,0,0,40,United-States,1,u52,PassiveAggressiveClassifier,random,1
26,?,Doctorate,Never-married,Adm-clerical,White,Male,0,0,40,United-States,1,u52,PassiveAggressiveClassifier,random,1
26,Federal-gov,Doctorate,Never-married,Adm-clerical,White,Male,0,0,40,United-States,1,u52,PassiveAggressiveClassifier,random,1
26,Never-worked,Doctorate,Never-married,Adm-clerical,White,Male,0,0,40,United-States,1,u52,PassiveAggressiveClassifier,random,1
19,Private,12th,Never-married,Adm-clerical,White,Female,0,0,25,United-States,0,u53,PassiveAggressiveClassifier,random,0
19,Private,Doctorate,Never-married,Sales,White,Female,0,0,25,United-States,1,u53,PassiveAggressiveClassifier,random,1
19,Federal-gov,Doctorate,Never-married,Adm-clerical,White,Female,0,0,25,United-States,1,u53,PassiveAggressiveClassifier,random,1
19,Private,Doctorate,Never-married,Adm-clerical,White,Female,0,0,25,United-States,1,u53,PassiveAggressiveClassifier,random,1
19,Private,Doctorate,Separated,Adm-clerical,White,Female,0,0,25,United-States,1,u53,PassiveAggressiveClassifier,random,1
19,Self-emp-not-inc,Doctorate,Never-married,Adm-clerical,White,Female,0,0,25,United-States,1,u53,PassiveAggressiveClassifier,random,1
46,Private,Masters,Married-civ-spouse,Adm-clerical,White,Male,0,1740,60,United-States,0,u54,PassiveAggressiveClassifier,random,0
46,?,Some-college,Married-civ-spouse,Adm-clerical,White,Male,0,1740,60,United-States,1,u54,PassiveAggressiveClassifier,random,0
46,Private,Masters,Married-spouse-absent,Tech-support,White,Male,0,1740,60,United-States,1,u54,PassiveAggressiveClassifier,random,0
46,Private,HS-grad,Separated,Adm-clerical,White,Male,0,1740,60,United-States,1,u54,PassiveAggressiveClassifier,random,0
46,Private,9th,Married-civ-spouse,Adm-clerical,White,Male,0,1740,60,United-States,1,u54,PassiveAggressiveClassifier,random,0
46,Private,HS-grad,Married-civ-spouse,Transport-moving,White,Male,0,1740,60,United-States,1,u54,PassiveAggressiveClassifier,random,0
33,Private,HS-grad,Married-civ-spouse,Other-service,White,Female,0,0,25,United-States,0,u55,PassiveAggressiveClassifier,random,0
33,Private,Doctorate,Married-civ-spouse,Other-service,White,Female,0,0,25,United-States,1,u55,PassiveAggressiveClassifier,random,1
33,Private,Doctorate,Married-civ-spouse,Machine-op-inspct,White,Female,0,0,25,United-States,1,u55,PassiveAggressiveClassifier,random,1
33,Local-gov,Doctorate,Married-civ-spouse,Other-service,White,Female,0,0,25,United-States,1,u55,PassiveAggressiveClassifier,random,1
33,Private,Doctorate,Married-civ-spouse,Sales,White,Female,0,0,25,United-States,1,u55,PassiveAggressiveClassifier,random,1
33,Private,Doctorate,Married-civ-spouse,Priv-house-serv,White,Female,0,0,25,United-States,1,u55,PassiveAggressiveClassifier,random,1
37,Private,HS-grad,Never-married,Transport-moving,Black,Male,0,0,50,United-States,0,u56,PassiveAggressiveClassifier,random,0
37,Self-emp-inc,Doctorate,Never-married,Transport-moving,Black,Male,0,0,50,United-States,1,u56,PassiveAggressiveClassifier,random,1
37,Private,Doctorate,Never-married,Machine-op-inspct,Black,Male,0,0,50,United-States,1,u56,PassiveAggressiveClassifier,random,1
37,Private,Doctorate,Divorced,Transport-moving,Black,Male,0,0,50,United-States,1,u56,PassiveAggressiveClassifier,random,1
37,Private,Doctorate,Never-married,Adm-clerical,Black,Male,0,0,50,United-States,1,u56,PassiveAggressiveClassifier,random,1
37,Private,Doctorate,Never-married,Sales,Black,Male,0,0,50,United-States,1,u56,PassiveAggressiveClassifier,random,1
45,Private,11th,Married-civ-spouse,Craft-repair,White,Male,0,0,42,United-States,0,u57,PassiveAggressiveClassifier,random,0
45,Private,Prof-school,Married-civ-spouse,Exec-managerial,White,Male,0,0,42,United-States,1,u57,PassiveAggressiveClassifier,random,1
45,Private,Prof-school,Married-civ-spouse,Priv-house-serv,White,Male,0,0,42,United-States,1,u57,PassiveAggressiveClassifier,random,1
45,Self-emp-inc,Doctorate,Married-civ-spouse,Craft-repair,White,Male,0,0,42,United-States,1,u57,PassiveAggressiveClassifier,random,1
45,Private,Doctorate,Married-civ-spouse,Other-service,White,Male,0,0,42,United-States,1,u57,PassiveAggressiveClassifier,random,1
45,Private,Doctorate,Married-civ-spouse,Sales,White,Male,0,0,42,United-States,1,u57,PassiveAggressiveClassifier,random,1
56,Private,7th-8th,Married-civ-spouse,Handlers-cleaners,White,Male,0,2002,40,United-States,0,u58,PassiveAggressiveClassifier,random,0
56,Private,12th,Married-civ-spouse,Sales,White,Male,0,2002,40,United-States,1,u58,PassiveAggressiveClassifier,random,1
56,Private,Masters,Married-civ-spouse,Prof-specialty,White,Male,0,2002,40,United-States,1,u58,PassiveAggressiveClassifier,random,1
56,Private,Bachelors,Married-civ-spouse,Tech-support,White,Male,0,2002,40,United-States,1,u58,PassiveAggressiveClassifier,random,1
56,Private,Doctorate,Married-civ-spouse,Machine-op-inspct,White,Male,0,2002,40,United-States,1,u58,PassiveAggressiveClassifier,random,1
56,Private,Some-college,Married-civ-spouse,Sales,White,Male,0,2002,40,United-States,1,u58,PassiveAggressiveClassifier,random,1
17,Private,11th,Never-married,Other-service,White,Female,0,0,12,United-States,0,u59,PassiveAggressiveClassifier,random,0
17,Federal-gov,Doctorate,Married-civ-spouse,Other-service,White,Female,0,0,12,United-States,1,u59,PassiveAggressiveClassifier,random,1
17,Federal-gov,Doctorate,Never-married,Craft-repair,White,Female,0,0,12,United-States,1,u59,PassiveAggressiveClassifier,random,1
17,Local-gov,Doctorate,Married-civ-spouse,Other-service,White,Female,0,0,12,United-States,1,u59,PassiveAggressiveClassifier,random,1
17,Self-emp-inc,Doctorate,Never-married,Tech-support,White,Female,0,0,12,United-States,1,u59,PassiveAggressiveClassifier,random,1
17,Self-emp-inc,Doctorate,Married-civ-spouse,Other-service,White,Female,0,0,12,United-States,1,u59,PassiveAggressiveClassifier,random,1
29,Private,HS-grad,Married-spouse-absent,Other-service,Other,Female,0,0,40,Columbia,0,u60,PassiveAggressiveClassifier,random,0
29,Private,Doctorate,Married-civ-spouse,Prof-specialty,Other,Female,0,0,40,Columbia,1,u60,PassiveAggressiveClassifier,random,1
31,?,Assoc-acdm,Never-married,?,White,Female,0,0,25,United-States,0,u61,PassiveAggressiveClassifier,random,0
31,Self-emp-not-inc,Doctorate,Married-civ-spouse,?,White,Female,0,0,25,United-States,1,u61,PassiveAggressiveClassifier,random,1
31,Self-emp-inc,Doctorate,Married-civ-spouse,?,White,Female,0,0,25,United-States,1,u61,PassiveAggressiveClassifier,random,1
31,Federal-gov,Doctorate,Married-civ-spouse,Farming-fishing,White,Female,0,0,25,United-States,1,u61,PassiveAggressiveClassifier,random,1
31,Never-worked,Doctorate,Never-married,Adm-clerical,White,Female,0,0,25,United-States,1,u61,PassiveAggressiveClassifier,random,1
31,?,Doctorate,Divorced,Sales,White,Female,0,0,25,United-States,1,u61,PassiveAggressiveClassifier,random,1
40,Private,HS-grad,Divorced,Adm-clerical,White,Male,0,0,40,United-States,0,u62,PassiveAggressiveClassifier,random,0
40,Self-emp-inc,Doctorate,Divorced,Adm-clerical,White,Male,0,0,40,United-States,1,u62,PassiveAggressiveClassifier,random,1
40,Never-worked,HS-grad,Married-civ-spouse,Adm-clerical,White,Male,0,0,40,United-States,1,u62,PassiveAggressiveClassifier,random,1
40,Private,Prof-school,Married-civ-spouse,Adm-clerical,White,Male,0,0,40,United-States,1,u62,PassiveAggressiveClassifier,random,1
40,Private,Doctorate,Married-civ-spouse,Adm-clerical,White,Male,0,0,40,United-States,1,u62,PassiveAggressiveClassifier,random,1
40,Private,Doctorate,Divorced,Sales,White,Male,0,0,40,United-States,1,u62,PassiveAggressiveClassifier,random,1
25,Private,HS-grad,Never-married,Adm-clerical,White,Female,0,0,40,United-States,0,u63,PassiveAggressiveClassifier,random,0
25,Private,Doctorate,Never-married,Prof-specialty,White,Female,0,0,40,United-States,1,u63,PassiveAggressiveClassifier,random,1
25,Private,Doctorate,Married-civ-spouse,Adm-clerical,White,Female,0,0,40,United-States,1,u63,PassiveAggressiveClassifier,random,1
25,Private,Doctorate,Separated,Adm-clerical,White,Female,0,0,40,United-States,1,u63,PassiveAggressiveClassifier,random,1
25,Private,Doctorate,Divorced,Adm-clerical,White,Female,0,0,40,United-States,1,u63,PassiveAggressiveClassifier,random,1
25,Private,Doctorate,Never-married,Adm-clerical,White,Female,0,0,40,United-States,1,u63,PassiveAggressiveClassifier,random,1
64,Private,Bachelors,Divorced,Sales,White,Female,0,0,5,United-States,0,u64,PassiveAggressiveClassifier,random,0
64,Private,Doctorate,Divorced,Protective-serv,White,Female,0,0,5,United-States,1,u64,PassiveAggressiveClassifier,random,1
64,Federal-gov,Doctorate,Divorced,Sales,White,Female,0,0,5,United-States,1,u64,PassiveAggressiveClassifier,random,1
64,Self-emp-inc,Prof-school,Divorced,Sales,White,Female,0,0,5,United-States,1,u64,PassiveAggressiveClassifier,random,1
64,Self-emp-not-inc,Doctorate,Divorced,Sales,White,Female,0,0,5,United-States,1,u64,PassiveAggressiveClassifier,random,1
64,Private,Doctorate,Divorced,Machine-op-inspct,White,Female,0,0,5,United-States,1,u64,PassiveAggressiveClassifier,random,1
52,Private,HS-grad,Separated,Craft-repair,White,Male,0,0,40,United-States,0,u65,PassiveAggressiveClassifier,random,0
52,Private,Doctorate,Never-married,Craft-repair,White,Male,0,0,40,United-States,1,u65,PassiveAggressiveClassifier,random,1
52,Private,Doctorate,Married-civ-spouse,Craft-repair,White,Male,0,0,40,United-States,1,u65,PassiveAggressiveClassifier,random,1
52,Private,Prof-school,Separated,Sales,White,Male,0,0,40,United-States,1,u65,PassiveAggressiveClassifier,random,1
52,Private,Prof-school,Married-civ-spouse,Craft-repair,White,Male,0,0,40,United-States,1,u65,PassiveAggressiveClassifier,random,1
52,Private,Doctorate,Separated,Sales,White,Male,0,0,40,United-States,1,u65,PassiveAggressiveClassifier,random,1
27,Federal-gov,Some-college,Married-civ-spouse,Craft-repair,White,Male,0,0,50,United-States,0,u66,PassiveAggressiveClassifier,random,0
27,Federal-gov,Some-college,Married-civ-spouse,Prof-specialty,White,Male,0,0,50,United-States,1,u66,PassiveAggressiveClassifier,random,1
27,Self-emp-inc,Some-college,Married-civ-spouse,Sales,White,Male,0,0,50,United-States,1,u66,PassiveAggressiveClassifier,random,1
27,Federal-gov,Masters,Married-civ-spouse,Adm-clerical,White,Male,0,0,50,United-States,1,u66,PassiveAggressiveClassifier,random,1
27,Self-emp-inc,Doctorate,Married-civ-spouse,Craft-repair,White,Male,0,0,50,United-States,1,u66,PassiveAggressiveClassifier,random,1
27,Federal-gov,12th,Married-civ-spouse,Adm-clerical,White,Male,0,0,50,United-States,1,u66,PassiveAggressiveClassifier,random,1
29,Private,Some-college,Never-married,Farming-fishing,White,Male,0,0,40,United-States,0,u67,PassiveAggressiveClassifier,random,0
29,Private,Doctorate,Never-married,Exec-managerial,White,Male,0,0,40,United-States,1,u67,PassiveAggressiveClassifier,random,1
29,Private,Doctorate,Never-married,Sales,White,Male,0,0,40,United-States,1,u67,PassiveAggressiveClassifier,random,1
29,Private,Doctorate,Never-married,Prof-specialty,White,Male,0,0,40,United-States,1,u67,PassiveAggressiveClassifier,random,1
29,Self-emp-inc,Some-college,Married-civ-spouse,Sales,White,Male,0,0,40,United-States,1,u67,PassiveAggressiveClassifier,random,1
29,Private,Doctorate,Separated,Protective-serv,White,Male,0,0,40,United-States,1,u67,PassiveAggressiveClassifier,random,1
31,Private,Assoc-voc,Never-married,Adm-clerical,Black,Female,0,0,40,United-States,0,u68,PassiveAggressiveClassifier,random,0
31,Private,Doctorate,Divorced,Adm-clerical,Black,Female,0,0,40,United-States,1,u68,PassiveAggressiveClassifier,random,1
31,Never-worked,Doctorate,Never-married,Adm-clerical,Black,Female,0,0,40,United-States,1,u68,PassiveAggressiveClassifier,random,1
31,Private,Doctorate,Separated,Adm-clerical,Black,Female,0,0,40,United-States,1,u68,PassiveAggressiveClassifier,random,1
31,Private,Doctorate,Married-civ-spouse,Adm-clerical,Black,Female,0,0,40,United-States,1,u68,PassiveAggressiveClassifier,random,1
31,Private,Prof-school,Married-civ-spouse,Adm-clerical,Black,Female,0,0,40,United-States,1,u68,PassiveAggressiveClassifier,random,1
56,Private,Some-college,Separated,Tech-support,Black,Female,0,0,38,United-States,0,u69,PassiveAggressiveClassifier,random,0
56,Private,Doctorate,Married-civ-spouse,Tech-support,Black,Female,0,0,38,United-States,1,u69,PassiveAggressiveClassifier,random,1
56,Federal-gov,Doctorate,Separated,Tech-support,Black,Female,0,0,38,United-States,1,u69,PassiveAggressiveClassifier,random,1
56,Private,Doctorate,Separated,Exec-managerial,Black,Female,0,0,38,United-States,1,u69,PassiveAggressiveClassifier,random,1
56,Private,Doctorate,Separated,Sales,Black,Female,0,0,38,United-States,1,u69,PassiveAggressiveClassifier,random,1
56,Never-worked,Doctorate,Separated,Tech-support,Black,Female,0,0,38,United-States,1,u69,PassiveAggressiveClassifier,random,1
71,Self-emp-not-inc,1st-4th,Divorced,Craft-repair,White,Female,0,0,28,United-States,0,u70,PassiveAggressiveClassifier,random,0
71,Self-emp-inc,Doctorate,Divorced,Craft-repair,White,Female,0,0,28,United-States,1,u70,PassiveAggressiveClassifier,random,1
71,Self-emp-not-inc,Doctorate,Divorced,Craft-repair,White,Female,0,0,28,United-States,1,u70,PassiveAggressiveClassifier,random,1
71,Never-worked,Doctorate,Divorced,Craft-repair,White,Female,0,0,28,United-States,1,u70,PassiveAggressiveClassifier,random,1
71,Self-emp-not-inc,Doctorate,Divorced,Tech-support,White,Female,0,0,28,United-States,1,u70,PassiveAggressiveClassifier,random,1
71,Self-emp-not-inc,Prof-school,Married-civ-spouse,Craft-repair,White,Female,0,0,28,United-States,1,u70,PassiveAggressiveClassifier,random,1
27,Private,Some-college,Married-civ-spouse,Tech-support,White,Male,3908,0,40,United-States,0,u71,PassiveAggressiveClassifier,random,0
27,Self-emp-inc,Some-college,Married-civ-spouse,Machine-op-inspct,White,Male,3908,0,40,United-States,1,u71,PassiveAggressiveClassifier,random,1
27,Never-worked,Doctorate,Married-civ-spouse,Tech-support,White,Male,3908,0,40,United-States,1,u71,PassiveAggressiveClassifier,random,1
27,Private,Doctorate,Married-civ-spouse,Tech-support,White,Male,3908,0,40,United-States,1,u71,PassiveAggressiveClassifier,random,1
27,Private,1st-4th,Married-civ-spouse,Machine-op-inspct,White,Male,3908,0,40,United-States,1,u71,PassiveAggressiveClassifier,random,1
27,Federal-gov,Some-college,Married-civ-spouse,Prof-specialty,White,Male,3908,0,40,United-States,1,u71,PassiveAggressiveClassifier,random,1
29,Federal-gov,Bachelors,Never-married,Prof-specialty,White,Female,0,0,40,United-States,0,u72,PassiveAggressiveClassifier,random,0
29,Federal-gov,Doctorate,Never-married,Adm-clerical,White,Female,0,0,40,United-States,1,u72,PassiveAggressiveClassifier,random,1
29,Self-emp-inc,Doctorate,Never-married,Prof-specialty,White,Female,0,0,40,United-States,1,u72,PassiveAggressiveClassifier,random,1
29,Federal-gov,Doctorate,Never-married,Prof-specialty,White,Female,0,0,40,United-States,1,u72,PassiveAggressiveClassifier,random,1
29,Self-emp-not-inc,Doctorate,Never-married,Prof-specialty,White,Female,0,0,40,United-States,1,u72,PassiveAggressiveClassifier,random,1
29,Federal-gov,Doctorate,Never-married,Tech-support,White,Female,0,0,40,United-States,1,u72,PassiveAggressiveClassifier,random,1
53,Private,Some-college,Married-civ-spouse,Tech-support,White,Male,0,0,40,United-States,0,u73,PassiveAggressiveClassifier,random,0
53,Private,Doctorate,Never-married,Tech-support,White,Male,0,0,40,United-States,1,u73,PassiveAggressiveClassifier,random,1
53,Self-emp-inc,Some-college,Married-civ-spouse,Exec-managerial,White,Male,0,0,40,United-States,1,u73,PassiveAggressiveClassifier,random,1
53,Private,Doctorate,Separated,Tech-support,White,Male,0,0,40,United-States,1,u73,PassiveAggressiveClassifier,random,1
53,Private,Doctorate,Married-civ-spouse,?,White,Male,0,0,40,United-States,1,u73,PassiveAggressiveClassifier,random,1
53,Private,Prof-school,Married-civ-spouse,Priv-house-serv,White,Male,0,0,40,United-States,1,u73,PassiveAggressiveClassifier,random,1
61,Private,HS-grad,Married-civ-spouse,Other-service,White,Female,0,0,4,United-States,0,u74,PassiveAggressiveClassifier,random,0
61,Private,Doctorate,Married-civ-spouse,Priv-house-serv,White,Female,0,0,4,United-States,1,u74,PassiveAggressiveClassifier,random,1
61,Private,Prof-school,Married-civ-spouse,Adm-clerical,White,Female,0,0,4,United-States,1,u74,PassiveAggressiveClassifier,random,1
61,Private,Prof-school,Married-civ-spouse,Sales,White,Female,0,0,4,United-States,1,u74,PassiveAggressiveClassifier,random,1
61,Private,Doctorate,Married-civ-spouse,Tech-support,White,Female,0,0,4,United-States,1,u74,PassiveAggressiveClassifier,random,1
61,?,Doctorate,Married-civ-spouse,Other-service,White,Female,0,0,4,United-States,1,u74,PassiveAggressiveClassifier,random,1
26,Private,HS-grad,Never-married,Machine-op-inspct,White,Male,0,0,52,United-States,0,u75,PassiveAggressiveClassifier,random,0
26,Private,Doctorate,Never-married,Machine-op-inspct,White,Male,0,0,52,United-States,1,u75,PassiveAggressiveClassifier,random,1
26,Private,Doctorate,Divorced,Machine-op-inspct,White,Male,0,0,52,United-States,1,u75,PassiveAggressiveClassifier,random,1
26,Federal-gov,HS-grad,Married-civ-spouse,Machine-op-inspct,White,Male,0,0,52,United-States,1,u75,PassiveAggressiveClassifier,random,1
26,Self-emp-not-inc,Doctorate,Never-married,Machine-op-inspct,White,Male,0,0,52,United-States,1,u75,PassiveAggressiveClassifier,random,1
26,Private,Doctorate,Never-married,Priv-house-serv,White,Male,0,0,52,United-States,1,u75,PassiveAggressiveClassifier,random,1
22,?,Some-college,Never-married,?,White,Male,0,0,40,United-States,0,u76,PassiveAggressiveClassifier,random,0
22,Federal-gov,Doctorate,Never-married,Tech-support,White,Male,0,0,40,United-States,1,u76,PassiveAggressiveClassifier,random,1
22,Private,Doctorate,Never-married,Adm-clerical,White,Male,0,0,40,United-States,1,u76,PassiveAggressiveClassifier,random,1
22,Federal-gov,Doctorate,Separated,?,White,Male,0,0,40,United-States,1,u76,PassiveAggressiveClassifier,random,1
22,Self-emp-inc,Doctorate,Never-married,Sales,White,Male,0,0,40,United-States,1,u76,PassiveAggressiveClassifier,random,1
22,Federal-gov,Doctorate,Never-married,Priv-house-serv,White,Male,0,0,40,United-States,1,u76,PassiveAggressiveClassifier,random,1
35,Private,Some-college,Married-spouse-absent,Farming-fishing,White,Male,0,0,40,United-States,0,u77,PassiveAggressiveClassifier,random,0
35,Self-emp-inc,Doctorate,Married-civ-spouse,Farming-fishing,White,Male,0,0,40,United-States,1,u77,PassiveAggressiveClassifier,random,1
35,Private,Doctorate,Separated,Priv-house-serv,White,Male,0,0,40,United-States,1,u77,PassiveAggressiveClassifier,random,1
35,Private,Doctorate,Married-civ-spouse,Other-service,White,Male,0,0,40,United-States,1,u77,PassiveAggressiveClassifier,random,1
35,Self-emp-inc,Doctorate,Married-spouse-absent,Sales,White,Male,0,0,40,United-States,1,u77,PassiveAggressiveClassifier,random,1
35,Local-gov,Doctorate,Divorced,Protective-serv,White,Male,0,0,40,United-States,1,u77,PassiveAggressiveClassifier,random,1
52,State-gov,11th,Married-civ-spouse,Transport-moving,White,Male,0,0,40,United-States,0,u78,PassiveAggressiveClassifier,random,0
52,Never-worked,Prof-school,Married-civ-spouse,Transport-moving,White,Male,0,0,40,United-States,1,u78,PassiveAggressiveClassifier,random,1
52,State-gov,Doctorate,Married-civ-spouse,Other-service,White,Male,0,0,40,United-States,1,u78,PassiveAggressiveClassifier,random,1
52,State-gov,Doctorate,Married-civ-spouse,Transport-moving,White,Male,0,0,40,United-States,1,u78,PassiveAggressiveClassifier,random,1
52,Self-emp-inc,Doctorate,Married-civ-spouse,Transport-moving,White,Male,0,0,40,United-States,1,u78,PassiveAggressiveClassifier,random,1
52,State-gov,Doctorate,Married-civ-spouse,Exec-managerial,White,Male,0,0,40,United-States,1,u78,PassiveAggressiveClassifier,random,1
47,Private,HS-grad,Divorced,Exec-managerial,White,Female,0,1974,40,United-States,0,u79,PassiveAggressiveClassifier,random,0
47,Private,Doctorate,Divorced,Other-service,White,Female,0,1974,40,United-States,1,u79,PassiveAggressiveClassifier,random,1
47,?,Doctorate,Divorced,Exec-managerial,White,Female,0,1974,40,United-States,1,u79,PassiveAggressiveClassifier,random,1
47,Never-worked,Doctorate,Divorced,Exec-managerial,White,Female,0,1974,40,United-States,1,u79,PassiveAggressiveClassifier,random,1
47,Private,Doctorate,Married-civ-spouse,Exec-managerial,White,Female,0,1974,40,United-States,1,u79,PassiveAggressiveClassifier,random,1
47,Never-worked,Prof-school,Divorced,Exec-managerial,White,Female,0,1974,40,United-States,1,u79,PassiveAggressiveClassifier,random,1
21,Private,Some-college,Never-married,Adm-clerical,White,Female,0,0,25,United-States,0,u80,PassiveAggressiveClassifier,random,0
21,Private,Doctorate,Never-married,Sales,White,Female,0,0,25,United-States,1,u80,PassiveAggressiveClassifier,random,1
21,Private,Prof-school,Married-civ-spouse,Adm-clerical,White,Female,0,0,25,United-States,1,u80,PassiveAggressiveClassifier,random,1
21,Federal-gov,Doctorate,Never-married,Adm-clerical,White,Female,0,0,25,United-States,1,u80,PassiveAggressiveClassifier,random,1
21,Private,Doctorate,Separated,Adm-clerical,White,Female,0,0,25,United-States,1,u80,PassiveAggressiveClassifier,random,1
21,Private,Doctorate,Married-civ-spouse,Adm-clerical,White,Female,0,0,25,United-States,1,u80,PassiveAggressiveClassifier,random,1
24,?,Bachelors,Never-married,?,White,Female,0,0,40,United-States,0,u81,PassiveAggressiveClassifier,random,0
24,Self-emp-inc,Doctorate,Never-married,Machine-op-inspct,White,Female,0,0,40,United-States,1,u81,PassiveAggressiveClassifier,random,1
24,Never-worked,Doctorate,Never-married,Prof-specialty,White,Female,0,0,40,United-States,1,u81,PassiveAggressiveClassifier,random,1
44,Self-emp-not-inc,HS-grad,Married-civ-spouse,Craft-repair,White,Male,0,0,30,United-States,0,u82,PassiveAggressiveClassifier,random,0
44,Never-worked,HS-grad,Married-civ-spouse,Adm-clerical,White,Male,0,0,30,United-States,1,u82,PassiveAggressiveClassifier,random,1
44,Self-emp-not-inc,Doctorate,Never-married,Craft-repair,White,Male,0,0,30,United-States,1,u82,PassiveAggressiveClassifier,random,1
44,Federal-gov,Prof-school,Married-civ-spouse,Craft-repair,White,Male,0,0,30,United-States,1,u82,PassiveAggressiveClassifier,random,1
44,Self-emp-not-inc,Prof-school,Married-civ-spouse,Protective-serv,White,Male,0,0,30,United-States,1,u82,PassiveAggressiveClassifier,random,1
44,Self-emp-not-inc,Bachelors,Married-civ-spouse,Sales,White,Male,0,0,30,United-States,1,u82,PassiveAggressiveClassifier,random,1
19,Private,HS-grad,Never-married,Handlers-cleaners,White,Male,0,0,35,United-States,0,u83,PassiveAggressiveClassifier,random,0
19,Private,Doctorate,Never-married,Exec-managerial,White,Male,0,0,35,United-States,1,u83,PassiveAggressiveClassifier,random,1
19,Self-emp-inc,HS-grad,Married-civ-spouse,Prof-specialty,White,Male,0,0,35,United-States,1,u83,PassiveAggressiveClassifier,random,1
19,Private,Doctorate,Never-married,Machine-op-inspct,White,Male,0,0,35,United-States,1,u83,PassiveAggressiveClassifier,random,1
19,Private,Doctorate,Never-married,Tech-support,White,Male,0,0,35,United-States,1,u83,PassiveAggressiveClassifier,random,1
19,Never-worked,Doctorate,Never-married,Priv-house-serv,White,Male,0,0,35,United-States,1,u83,PassiveAggressiveClassifier,random,1
42,Local-gov,HS-grad,Widowed,Transport-moving,White,Female,0,0,40,United-States,0,u84,PassiveAggressiveClassifier,random,0
42,Self-emp-inc,Doctorate,Divorced,Adm-clerical,White,Female,0,0,40,United-States,1,u84,PassiveAggressiveClassifier,random,1
42,Never-worked,Doctorate,Divorced,Transport-moving,White,Female,0,0,40,United-States,1,u84,PassiveAggressiveClassifier,random,1
42,Federal-gov,Doctorate,Separated,Transport-moving,White,Female,0,0,40,United-States,1,u84,PassiveAggressiveClassifier,random,1
42,Local-gov,Doctorate,Married-civ-spouse,Machine-op-inspct,White,Female,0,0,40,United-States,1,u84,PassiveAggressiveClassifier,random,1
42,Local-gov,Doctorate,Married-civ-spouse,Exec-managerial,White,Female,0,0,40,United-States,1,u84,PassiveAggressiveClassifier,random,1
48,Private,HS-grad,Married-civ-spouse,Machine-op-inspct,White,Male,0,0,40,United-States,0,u85,PassiveAggressiveClassifier,random,0
48,Federal-gov,HS-grad,Married-civ-spouse,Sales,White,Male,0,0,40,United-States,1,u85,PassiveAggressiveClassifier,random,1
48,Federal-gov,Prof-school,Married-civ-spouse,Machine-op-inspct,White,Male,0,0,40,United-States,1,u85,PassiveAggressiveClassifier,random,1
48,Self-emp-inc,HS-grad,Married-civ-spouse,Sales,White,Male,0,0,40,United-States,1,u85,PassiveAggressiveClassifier,random,1
48,Private,Prof-school,Married-civ-spouse,Prof-specialty,White,Male,0,0,40,United-States,1,u85,PassiveAggressiveClassifier,random,1
48,Self-emp-inc,Doctorate,Married-civ-spouse,Machine-op-inspct,White,Male,0,0,40,United-States,1,u85,PassiveAggressiveClassifier,random,1
48,Private,10th,Married-civ-spouse,Craft-repair,White,Male,0,0,30,United-States,0,u86,PassiveAggressiveClassifier,random,0
48,Private,Prof-school,Married-civ-spouse,Sales,White,Male,0,0,30,United-States,1,u86,PassiveAggressiveClassifier,random,1
48,Private,Doctorate,Married-civ-spouse,Machine-op-inspct,White,Male,0,0,30,United-States,1,u86,PassiveAggressiveClassifier,random,1
48,Private,Prof-school,Married-civ-spouse,Exec-managerial,White,Male,0,0,30,United-States,1,u86,PassiveAggressiveClassifier,random,1
48,Federal-gov,Prof-school,Married-civ-spouse,Craft-repair,White,Male,0,0,30,United-States,1,u86,PassiveAggressiveClassifier,random,1
48,Private,Doctorate,Separated,Craft-repair,White,Male,0,0,30,United-States,1,u86,PassiveAggressiveClassifier,random,1
34,Local-gov,Some-college,Married-civ-spouse,Transport-moving,White,Male,0,1579,40,United-States,0,u87,PassiveAggressiveClassifier,random,0
34,Self-emp-not-inc,Some-college,Married-civ-spouse,Prof-specialty,White,Male,0,1579,40,United-States,1,u87,PassiveAggressiveClassifier,random,1
34,Local-gov,Doctorate,Separated,Transport-moving,White,Male,0,1579,40,United-States,1,u87,PassiveAggressiveClassifier,random,1
34,Federal-gov,Bachelors,Married-civ-spouse,Transport-moving,White,Male,0,1579,40,United-States,1,u87,PassiveAggressiveClassifier,random,1
34,Local-gov,Doctorate,Married-civ-spouse,Protective-serv,White,Male,0,1579,40,United-States,1,u87,PassiveAggressiveClassifier,random,1
34,Federal-gov,Some-college,Married-civ-spouse,Craft-repair,White,Male,0,1579,40,United-States,1,u87,PassiveAggressiveClassifier,random,1
21,Self-emp-not-inc,Some-college,Never-married,Tech-support,White,Male,0,0,25,United-States,0,u88,PassiveAggressiveClassifier,random,0
21,Self-emp-not-inc,Doctorate,Divorced,Tech-support,White,Male,0,0,25,United-States,1,u88,PassiveAggressiveClassifier,random,1
21,Self-emp-not-inc,Doctorate,Never-married,Tech-support,White,Male,0,0,25,United-States,1,u88,PassiveAggressiveClassifier,random,1
21,Self-emp-not-inc,Doctorate,Never-married,Prof-specialty,White,Male,0,0,25,United-States,1,u88,PassiveAggressiveClassifier,random,1
21,Self-emp-not-inc,Doctorate,Never-married,Transport-moving,White,Male,0,0,25,United-States,1,u88,PassiveAggressiveClassifier,random,1
21,Self-emp-not-inc,Doctorate,Never-married,Exec-managerial,White,Male,0,0,25,United-States,1,u88,PassiveAggressiveClassifier,random,1
61,Private,10th,Married-civ-spouse,Sales,White,Male,0,0,40,United-States,0,u89,PassiveAggressiveClassifier,random,0
61,State-gov,Prof-school,Married-civ-spouse,Sales,White,Male,0,0,40,United-States,1,u89,PassiveAggressiveClassifier,random,1
61,Self-emp-not-inc,Assoc-voc,Married-civ-spouse,Sales,White,Male,0,0,40,United-States,1,u89,PassiveAggressiveClassifier,random,1
61,?,Prof-school,Married-civ-spouse,Sales,White,Male,0,0,40,United-States,1,u89,PassiveAggressiveClassifier,random,1
61,Private,Prof-school,Married-civ-spouse,Adm-clerical,White,Male,0,0,40,United-States,1,u89,PassiveAggressiveClassifier,random,1
61,Self-emp-inc,Masters,Married-civ-spouse,Sales,White,Male,0,0,40,United-States,1,u89,PassiveAggressiveClassifier,random,1
30,Federal-gov,Some-college,Married-civ-spouse,Adm-clerical,White,Male,0,0,40,United-States,0,u90,PassiveAggressiveClassifier,random,0
30,Federal-gov,Assoc-acdm,Married-civ-spouse,Handlers-cleaners,White,Male,0,0,40,United-States,1,u90,PassiveAggressiveClassifier,random,0
30,Federal-gov,Masters,Widowed,Adm-clerical,White,Male,0,0,40,United-States,1,u90,PassiveAggressiveClassifier,random,0
30,Federal-gov,Some-college,Separated,Machine-op-inspct,White,Male,0,0,40,United-States,1,u90,PassiveAggressiveClassifier,random,0
30,Federal-gov,7th-8th,Married-civ-spouse,Adm-clerical,White,Male,0,0,40,United-States,1,u90,PassiveAggressiveClassifier,random,0
30,Federal-gov,Some-college,Married-spouse-absent,?,White,Male,0,0,40,United-States,1,u90,PassiveAggressiveClassifier,random,0
35,Private,HS-grad,Married-civ-spouse,Transport-moving,White,Male,2885,0,40,United-States,0,u91,PassiveAggressiveClassifier,random,0
35,Private,Prof-school,Married-civ-spouse,Transport-moving,White,Male,2885,0,40,United-States,1,u91,PassiveAggressiveClassifier,random,1
35,State-gov,Doctorate,Married-civ-spouse,Transport-moving,White,Male,2885,0,40,United-States,1,u91,PassiveAggressiveClassifier,random,1
35,Self-emp-inc,HS-grad,Married-civ-spouse,Priv-house-serv,White,Male,2885,0,40,United-States,1,u91,PassiveAggressiveClassifier,random,1
35,Never-worked,HS-grad,Married-civ-spouse,Tech-support,White,Male,2885,0,40,United-States,1,u91,PassiveAggressiveClassifier,random,1
35,Self-emp-not-inc,HS-grad,Married-civ-spouse,Priv-house-serv,White,Male,2885,0,40,United-States,1,u91,PassiveAggressiveClassifier,random,1
