,age,workclass,education,marital-status,occupation,race,sex,capital-gain,capital-loss,hours-per-week,native-country,CF_user,candid,clf,Method_cfe,income
u0,52,?,12th,Never-married,?,Black,Male,594,0,40,United-States,0,u0,RidgeClassifier,random,0
0,52,?,Doctorate,Never-married,Exec-managerial,Black,Male,594,0,40,United-States,1,u0,RidgeClassifier,random,1
0,52,Federal-gov,Doctorate,Never-married,?,Black,Male,594,0,40,United-States,1,u0,RidgeClassifier,random,1
0,52,Self-emp-inc,Doctorate,Never-married,?,Black,Male,594,0,40,United-States,1,u0,RidgeClassifier,random,1
0,52,?,Doctorate,Never-married,Prof-specialty,Black,Male,594,0,40,United-States,1,u0,RidgeClassifier,random,1
0,52,?,Doctorate,Divorced,?,Black,Male,594,0,40,United-States,1,u0,RidgeClassifier,random,1
u1,55,State-gov,Some-college,Divorced,Prof-specialty,Black,Female,0,0,37,United-States,0,u1,RidgeClassifier,random,0
0,55,Self-emp-inc,Doctorate,Divorced,Prof-specialty,Black,Female,0,0,37,United-States,1,u1,RidgeClassifier,random,1
0,55,Private,Doctorate,Divorced,Prof-specialty,Black,Female,0,0,37,United-States,1,u1,RidgeClassifier,random,1
0,55,?,Doctorate,Divorced,Prof-specialty,Black,Female,0,0,37,United-States,1,u1,RidgeClassifier,random,1
0,55,Self-emp-inc,Prof-school,Divorced,Prof-specialty,Black,Female,0,0,37,United-States,1,u1,RidgeClassifier,random,1
0,55,Never-worked,Doctorate,Divorced,Prof-specialty,Black,Female,0,0,37,United-States,1,u1,RidgeClassifier,random,1
u2,25,Private,HS-grad,Never-married,Adm-clerical,Black,Male,0,0,35,United-States,0,u2,RidgeClassifier,random,0
0,25,Private,Doctorate,Never-married,Priv-house-serv,Black,Male,0,0,35,United-States,1,u2,RidgeClassifier,random,1
0,25,Private,Doctorate,Never-married,Adm-clerical,Black,Male,0,0,35,United-States,1,u2,RidgeClassifier,random,1
0,25,Private,Doctorate,Separated,Adm-clerical,Black,Male,0,0,35,United-States,1,u2,RidgeClassifier,random,1
0,25,Private,Doctorate,Married-civ-spouse,Adm-clerical,Black,Male,0,0,35,United-States,1,u2,RidgeClassifier,random,1
0,25,Private,Prof-school,Married-civ-spouse,Adm-clerical,Black,Male,0,0,35,United-States,1,u2,RidgeClassifier,random,1
u3,37,Private,1st-4th,Married-spouse-absent,Farming-fishing,White,Male,0,0,77,Mexico,0,u3,RidgeClassifier,random,0
0,37,Private,Prof-school,Married-civ-spouse,Adm-clerical,White,Male,0,0,77,Mexico,1,u3,RidgeClassifier,random,1
0,37,Self-emp-inc,1st-4th,Married-civ-spouse,Transport-moving,White,Male,0,0,77,Mexico,1,u3,RidgeClassifier,random,1
0,37,Private,Doctorate,Married-civ-spouse,Farming-fishing,White,Male,0,0,77,Mexico,1,u3,RidgeClassifier,random,1
0,37,Self-emp-inc,1st-4th,Married-civ-spouse,Tech-support,White,Male,0,0,77,Mexico,1,u3,RidgeClassifier,random,1
0,37,Private,Doctorate,Married-spouse-absent,Adm-clerical,White,Male,0,0,77,Mexico,1,u3,RidgeClassifier,random,1
u4,37,Private,9th,Never-married,Priv-house-serv,White,Female,0,0,30,El-Salvador,0,u4,RidgeClassifier,random,0
0,37,Private,Doctorate,Married-civ-spouse,Priv-house-serv,White,Female,0,0,30,El-Salvador,1,u4,RidgeClassifier,random,1
0,37,Self-emp-inc,Doctorate,Never-married,Sales,White,Female,0,0,30,El-Salvador,1,u4,RidgeClassifier,random,1
0,37,Private,Doctorate,Married-civ-spouse,Other-service,White,Female,0,0,30,El-Salvador,1,u4,RidgeClassifier,random,1
0,37,Self-emp-inc,Doctorate,Never-married,Adm-clerical,White,Female,0,0,30,El-Salvador,1,u4,RidgeClassifier,random,1
0,37,Private,Doctorate,Married-civ-spouse,Tech-support,White,Female,0,0,30,El-Salvador,1,u4,RidgeClassifier,random,1
u5,37,Private,Assoc-voc,Married-civ-spouse,Adm-clerical,White,Male,3471,0,40,United-States,0,u5,RidgeClassifier,random,0
0,37,Private,11th,Married-civ-spouse,Transport-moving,White,Male,3471,0,40,United-States,1,u5,RidgeClassifier,random,0
0,37,Local-gov,Assoc-voc,Married-civ-spouse,Adm-clerical,White,Male,3471,0,40,United-States,1,u5,RidgeClassifier,random,0
0,37,Private,10th,Married-civ-spouse,Machine-op-inspct,White,Male,3471,0,40,United-States,1,u5,RidgeClassifier,random,0
0,37,Local-gov,7th-8th,Married-civ-spouse,Adm-clerical,White,Male,3471,0,40,United-States,1,u5,RidgeClassifier,random,0
0,37,Private,Assoc-voc,Never-married,Adm-clerical,White,Male,3471,0,40,United-States,1,u5,RidgeClassifier,random,0
u6,40,Private,HS-grad,Married-civ-spouse,Machine-op-inspct,White,Male,0,0,40,United-States,0,u6,RidgeClassifier,random,0
0,40,Private,Doctorate,Married-spouse-absent,Machine-op-inspct,White,Male,0,0,40,United-States,1,u6,RidgeClassifier,random,1
0,40,Self-emp-inc,HS-grad,Married-civ-spouse,Priv-house-serv,White,Male,0,0,40,United-States,1,u6,RidgeClassifier,random,1
0,40,Private,Doctorate,Married-civ-spouse,Protective-serv,White,Male,0,0,40,United-States,1,u6,RidgeClassifier,random,1
0,40,Federal-gov,1st-4th,Married-civ-spouse,Machine-op-inspct,White,Male,0,0,40,United-States,1,u6,RidgeClassifier,random,1
0,40,Self-emp-inc,Assoc-acdm,Married-civ-spouse,Machine-op-inspct,White,Male,0,0,40,United-States,1,u6,RidgeClassifier,random,1
u7,34,Local-gov,Some-college,Never-married,Protective-serv,White,Female,0,0,40,United-States,0,u7,RidgeClassifier,random,0
0,34,Self-emp-inc,Doctorate,Never-married,Protective-serv,White,Female,0,0,40,United-States,1,u7,RidgeClassifier,random,1
0,34,Local-gov,Doctorate,Never-married,Prof-specialty,White,Female,0,0,40,United-States,1,u7,RidgeClassifier,random,1
0,34,Local-gov,Doctorate,Never-married,Sales,White,Female,0,0,40,United-States,1,u7,RidgeClassifier,random,1
0,34,Local-gov,Doctorate,Married-civ-spouse,Protective-serv,White,Female,0,0,40,United-States,1,u7,RidgeClassifier,random,1
0,34,Federal-gov,Doctorate,Never-married,Protective-serv,White,Female,0,0,40,United-States,1,u7,RidgeClassifier,random,1
u8,47,Private,Assoc-voc,Divorced,Sales,White,Male,0,0,50,United-States,0,u8,RidgeClassifier,random,0
0,47,Federal-gov,Assoc-voc,Married-civ-spouse,Sales,White,Male,0,0,50,United-States,1,u8,RidgeClassifier,random,1
0,47,Private,Masters,Married-civ-spouse,Sales,White,Male,0,0,50,United-States,1,u8,RidgeClassifier,random,1
0,47,Self-emp-not-inc,Assoc-voc,Married-civ-spouse,Sales,White,Male,0,0,50,United-States,1,u8,RidgeClassifier,random,1
0,47,Private,Doctorate,Divorced,Tech-support,White,Male,0,0,50,United-States,1,u8,RidgeClassifier,random,1
0,47,Private,Doctorate,Widowed,Sales,White,Male,0,0,50,United-States,1,u8,RidgeClassifier,random,1
u9,90,?,HS-grad,Widowed,?,White,Male,401,0,4,United-States,0,u9,RidgeClassifier,random,0
0,90,Self-emp-inc,HS-grad,Married-civ-spouse,?,White,Male,401,0,4,United-States,1,u9,RidgeClassifier,random,1
0,90,?,Doctorate,Widowed,Other-service,White,Male,401,0,4,United-States,1,u9,RidgeClassifier,random,1
0,90,Self-emp-not-inc,Doctorate,Widowed,?,White,Male,401,0,4,United-States,1,u9,RidgeClassifier,random,1
0,90,Federal-gov,Doctorate,Widowed,?,White,Male,401,0,4,United-States,1,u9,RidgeClassifier,random,1
0,90,?,Doctorate,Widowed,Exec-managerial,White,Male,401,0,4,United-States,1,u9,RidgeClassifier,random,1
u10,62,?,HS-grad,Never-married,?,White,Male,0,0,40,United-States,0,u10,RidgeClassifier,random,0
0,62,?,Prof-school,Married-civ-spouse,?,White,Male,0,0,40,United-States,1,u10,RidgeClassifier,random,1
0,62,?,Doctorate,Separated,?,White,Male,0,0,40,United-States,1,u10,RidgeClassifier,random,1
0,62,?,Doctorate,Never-married,Craft-repair,White,Male,0,0,40,United-States,1,u10,RidgeClassifier,random,1
0,62,Self-emp-not-inc,Doctorate,Never-married,?,White,Male,0,0,40,United-States,1,u10,RidgeClassifier,random,1
0,62,?,Doctorate,Married-civ-spouse,?,White,Male,0,0,40,United-States,1,u10,RidgeClassifier,random,1
u11,49,Self-emp-not-inc,Doctorate,Married-civ-spouse,Prof-specialty,White,Male,0,0,60,United-States,0,u11,RidgeClassifier,random,0
0,49,Self-emp-not-inc,5th-6th,Married-civ-spouse,Machine-op-inspct,White,Male,0,0,60,United-States,1,u11,RidgeClassifier,random,0
0,49,Self-emp-not-inc,Doctorate,Never-married,Farming-fishing,White,Male,0,0,60,United-States,1,u11,RidgeClassifier,random,0
0,49,Self-emp-not-inc,12th,Divorced,Prof-specialty,White,Male,0,0,60,United-States,1,u11,RidgeClassifier,random,0
0,49,Self-emp-not-inc,5th-6th,Married-civ-spouse,Tech-support,White,Male,0,0,60,United-States,1,u11,RidgeClassifier,random,0
0,49,Local-gov,11th,Married-civ-spouse,Prof-specialty,White,Male,0,0,60,United-States,1,u11,RidgeClassifier,random,0
u12,56,Local-gov,Some-college,Divorced,Protective-serv,Black,Male,0,0,48,United-States,0,u12,RidgeClassifier,random,0
0,56,Self-emp-inc,Doctorate,Divorced,Protective-serv,Black,Male,0,0,48,United-States,1,u12,RidgeClassifier,random,1
0,56,Local-gov,Doctorate,Divorced,Priv-house-serv,Black,Male,0,0,48,United-States,1,u12,RidgeClassifier,random,1
0,56,Local-gov,Doctorate,Divorced,Adm-clerical,Black,Male,0,0,48,United-States,1,u12,RidgeClassifier,random,1
0,56,Self-emp-inc,Prof-school,Divorced,Protective-serv,Black,Male,0,0,48,United-States,1,u12,RidgeClassifier,random,1
0,56,?,Doctorate,Divorced,Protective-serv,Black,Male,0,0,48,United-States,1,u12,RidgeClassifier,random,1
u13,25,Private,Some-college,Never-married,Adm-clerical,White,Female,0,0,30,United-States,0,u13,RidgeClassifier,random,0
0,25,Never-worked,Doctorate,Never-married,Adm-clerical,White,Female,0,0,30,United-States,1,u13,RidgeClassifier,random,1
0,25,Private,Doctorate,Separated,Adm-clerical,White,Female,0,0,30,United-States,1,u13,RidgeClassifier,random,1
0,25,Self-emp-inc,Some-college,Married-civ-spouse,Adm-clerical,White,Female,0,0,30,United-States,1,u13,RidgeClassifier,random,1
0,25,Self-emp-inc,Doctorate,Never-married,Adm-clerical,White,Female,0,0,30,United-States,1,u13,RidgeClassifier,random,1
0,25,Private,Doctorate,Married-spouse-absent,Adm-clerical,White,Female,0,0,30,United-States,1,u13,RidgeClassifier,random,1
u14,27,Private,HS-grad,Married-civ-spouse,Machine-op-inspct,White,Male,0,0,40,United-States,0,u14,RidgeClassifier,random,0
0,27,Federal-gov,HS-grad,Married-civ-spouse,Prof-specialty,White,Male,0,0,40,United-States,1,u14,RidgeClassifier,random,1
0,27,Private,Doctorate,Married-civ-spouse,Adm-clerical,White,Male,0,0,40,United-States,1,u14,RidgeClassifier,random,1
0,27,Private,Prof-school,Married-civ-spouse,Prof-specialty,White,Male,0,0,40,United-States,1,u14,RidgeClassifier,random,1
0,27,Private,Doctorate,Married-civ-spouse,Craft-repair,White,Male,0,0,40,United-States,1,u14,RidgeClassifier,random,1
0,27,Private,Assoc-voc,Married-civ-spouse,Sales,White,Male,0,0,40,United-States,1,u14,RidgeClassifier,random,1
u15,56,Private,HS-grad,Divorced,Tech-support,Black,Female,0,0,40,United-States,0,u15,RidgeClassifier,random,0
0,56,Federal-gov,Doctorate,Divorced,Tech-support,Black,Female,0,0,40,United-States,1,u15,RidgeClassifier,random,1
0,56,Self-emp-inc,Prof-school,Divorced,Tech-support,Black,Female,0,0,40,United-States,1,u15,RidgeClassifier,random,1
0,56,Private,Doctorate,Divorced,Tech-support,Black,Female,0,0,40,United-States,1,u15,RidgeClassifier,random,1
0,56,?,Doctorate,Divorced,Tech-support,Black,Female,0,0,40,United-States,1,u15,RidgeClassifier,random,1
0,56,Self-emp-not-inc,Doctorate,Divorced,Tech-support,Black,Female,0,0,40,United-States,1,u15,RidgeClassifier,random,1
u16,20,Private,Some-college,Never-married,Craft-repair,White,Male,0,0,40,United-States,0,u16,RidgeClassifier,random,0
0,20,Private,Prof-school,Married-civ-spouse,Craft-repair,White,Male,0,0,40,United-States,1,u16,RidgeClassifier,random,1
0,20,Federal-gov,Doctorate,Never-married,Craft-repair,White,Male,0,0,40,United-States,1,u16,RidgeClassifier,random,1
0,20,Private,Doctorate,Married-spouse-absent,Craft-repair,White,Male,0,0,40,United-States,1,u16,RidgeClassifier,random,1
0,20,Private,Doctorate,Separated,Craft-repair,White,Male,0,0,40,United-States,1,u16,RidgeClassifier,random,1
0,20,Never-worked,Doctorate,Never-married,Craft-repair,White,Male,0,0,40,United-States,1,u16,RidgeClassifier,random,1
u17,34,State-gov,Assoc-voc,Never-married,Adm-clerical,White,Female,0,0,40,United-States,0,u17,RidgeClassifier,random,0
0,34,Federal-gov,Bachelors,Married-civ-spouse,Adm-clerical,White,Female,0,0,40,United-States,1,u17,RidgeClassifier,random,1
0,34,Federal-gov,Assoc-voc,Married-civ-spouse,Sales,White,Female,0,0,40,United-States,1,u17,RidgeClassifier,random,1
0,34,Self-emp-not-inc,Doctorate,Married-civ-spouse,Adm-clerical,White,Female,0,0,40,United-States,1,u17,RidgeClassifier,random,1
0,34,Self-emp-inc,Assoc-voc,Married-civ-spouse,Adm-clerical,White,Female,0,0,40,United-States,1,u17,RidgeClassifier,random,1
0,34,Federal-gov,Doctorate,Never-married,Priv-house-serv,White,Female,0,0,40,United-States,1,u17,RidgeClassifier,random,1
u18,44,Private,Some-college,Married-civ-spouse,Tech-support,White,Male,0,0,40,United-States,0,u18,RidgeClassifier,random,0
0,44,Private,Prof-school,Married-civ-spouse,Protective-serv,White,Male,0,0,40,United-States,1,u18,RidgeClassifier,random,1
0,44,Self-emp-inc,12th,Married-civ-spouse,Tech-support,White,Male,0,0,40,United-States,1,u18,RidgeClassifier,random,1
0,44,Private,Doctorate,Married-civ-spouse,Tech-support,White,Male,0,0,40,United-States,1,u18,RidgeClassifier,random,1
0,44,Private,Masters,Married-civ-spouse,Sales,White,Male,0,0,40,United-States,1,u18,RidgeClassifier,random,1
0,44,State-gov,Doctorate,Married-civ-spouse,Tech-support,White,Male,0,0,40,United-States,1,u18,RidgeClassifier,random,1
u19,40,Private,Assoc-voc,Never-married,Prof-specialty,White,Male,0,0,42,United-States,0,u19,RidgeClassifier,random,0
0,40,Federal-gov,Assoc-voc,Married-civ-spouse,Prof-specialty,White,Male,0,0,42,United-States,1,u19,RidgeClassifier,random,1
0,40,Self-emp-not-inc,Doctorate,Never-married,Prof-specialty,White,Male,0,0,42,United-States,1,u19,RidgeClassifier,random,1
0,40,Private,Assoc-acdm,Married-civ-spouse,Prof-specialty,White,Male,0,0,42,United-States,1,u19,RidgeClassifier,random,1
0,40,Private,Doctorate,Never-married,Adm-clerical,White,Male,0,0,42,United-States,1,u19,RidgeClassifier,random,1
0,40,Private,Doctorate,Never-married,Sales,White,Male,0,0,42,United-States,1,u19,RidgeClassifier,random,1
u20,31,Private,Bachelors,Never-married,Exec-managerial,White,Female,0,0,40,United-States,0,u20,RidgeClassifier,random,0
0,31,Private,Doctorate,Never-married,Exec-managerial,White,Female,0,0,40,United-States,1,u20,RidgeClassifier,random,1
0,31,Private,Doctorate,Divorced,Exec-managerial,White,Female,0,0,40,United-States,1,u20,RidgeClassifier,random,1
0,31,Self-emp-inc,Bachelors,Married-civ-spouse,Exec-managerial,White,Female,0,0,40,United-States,1,u20,RidgeClassifier,random,1
0,31,Self-emp-inc,Doctorate,Never-married,Exec-managerial,White,Female,0,0,40,United-States,1,u20,RidgeClassifier,random,1
0,31,Private,Doctorate,Married-civ-spouse,Exec-managerial,White,Female,0,0,40,United-States,1,u20,RidgeClassifier,random,1
u21,34,Private,Bachelors,Never-married,Prof-specialty,White,Female,0,0,40,United-States,0,u21,RidgeClassifier,random,0
0,34,Private,Doctorate,Never-married,Adm-clerical,White,Female,0,0,40,United-States,1,u21,RidgeClassifier,random,1
0,34,Self-emp-not-inc,Bachelors,Married-civ-spouse,Prof-specialty,White,Female,0,0,40,United-States,1,u21,RidgeClassifier,random,1
0,34,Self-emp-not-inc,Doctorate,Never-married,Prof-specialty,White,Female,0,0,40,United-States,1,u21,RidgeClassifier,random,1
0,34,Private,Doctorate,Never-married,Sales,White,Female,0,0,40,United-States,1,u21,RidgeClassifier,random,1
0,34,Private,Doctorate,Divorced,Prof-specialty,White,Female,0,0,40,United-States,1,u21,RidgeClassifier,random,1
u22,25,Private,Bachelors,Never-married,Sales,White,Male,3325,0,48,United-States,0,u22,RidgeClassifier,random,0
0,25,Private,Doctorate,Never-married,Machine-op-inspct,White,Male,3325,0,48,United-States,1,u22,RidgeClassifier,random,1
0,25,Private,Doctorate,Never-married,Other-service,White,Male,3325,0,48,United-States,1,u22,RidgeClassifier,random,1
0,25,Private,Doctorate,Never-married,Priv-house-serv,White,Male,3325,0,48,United-States,1,u22,RidgeClassifier,random,1
0,25,Private,Bachelors,Married-civ-spouse,Tech-support,White,Male,3325,0,48,United-States,1,u22,RidgeClassifier,random,1
0,25,Private,Doctorate,Divorced,Sales,White,Male,3325,0,48,United-States,1,u22,RidgeClassifier,random,1
u23,37,State-gov,Some-college,Married-civ-spouse,Exec-managerial,White,Male,0,0,38,United-States,0,u23,RidgeClassifier,random,0
0,37,Self-emp-inc,12th,Married-civ-spouse,Exec-managerial,White,Male,0,0,38,United-States,1,u23,RidgeClassifier,random,1
0,37,Never-worked,Prof-school,Married-civ-spouse,Exec-managerial,White,Male,0,0,38,United-States,1,u23,RidgeClassifier,random,1
0,37,State-gov,Doctorate,Married-civ-spouse,Craft-repair,White,Male,0,0,38,United-States,1,u23,RidgeClassifier,random,1
0,37,Federal-gov,Masters,Married-civ-spouse,Exec-managerial,White,Male,0,0,38,United-States,1,u23,RidgeClassifier,random,1
0,37,Self-emp-inc,Masters,Married-civ-spouse,Exec-managerial,White,Male,0,0,38,United-States,1,u23,RidgeClassifier,random,1
u24,22,Private,HS-grad,Never-married,Other-service,White,Male,0,0,20,United-States,0,u24,RidgeClassifier,random,0
0,22,Private,Doctorate,Never-married,Machine-op-inspct,White,Male,0,0,20,United-States,1,u24,RidgeClassifier,random,1
0,22,Private,Doctorate,Married-spouse-absent,Other-service,White,Male,0,0,20,United-States,1,u24,RidgeClassifier,random,1
0,22,Private,Doctorate,Never-married,Prof-specialty,White,Male,0,0,20,United-States,1,u24,RidgeClassifier,random,1
0,22,Private,Doctorate,Separated,Other-service,White,Male,0,0,20,United-States,1,u24,RidgeClassifier,random,1
0,22,Never-worked,Doctorate,Never-married,Other-service,White,Male,0,0,20,United-States,1,u24,RidgeClassifier,random,1
u25,20,Private,Some-college,Never-married,Other-service,White,Male,0,0,50,United-States,0,u25,RidgeClassifier,random,0
0,20,Private,Doctorate,Never-married,Other-service,White,Male,0,0,50,United-States,1,u25,RidgeClassifier,random,1
0,20,Private,Doctorate,Never-married,Craft-repair,White,Male,0,0,50,United-States,1,u25,RidgeClassifier,random,1
0,20,Private,Doctorate,Married-spouse-absent,Other-service,White,Male,0,0,50,United-States,1,u25,RidgeClassifier,random,1
0,20,Private,Doctorate,Never-married,Sales,White,Male,0,0,50,United-States,1,u25,RidgeClassifier,random,1
0,20,Private,Doctorate,Never-married,Machine-op-inspct,White,Male,0,0,50,United-States,1,u25,RidgeClassifier,random,1
u26,27,Private,Some-college,Divorced,Prof-specialty,White,Female,0,0,40,United-States,0,u26,RidgeClassifier,random,0
0,27,Self-emp-inc,Prof-school,Divorced,Prof-specialty,White,Female,0,0,40,United-States,1,u26,RidgeClassifier,random,1
0,27,Local-gov,Doctorate,Divorced,Prof-specialty,White,Female,0,0,40,United-States,1,u26,RidgeClassifier,random,1
0,27,Never-worked,Doctorate,Divorced,Prof-specialty,White,Female,0,0,40,United-States,1,u26,RidgeClassifier,random,1
0,27,Private,Doctorate,Widowed,Prof-specialty,White,Female,0,0,40,United-States,1,u26,RidgeClassifier,random,1
0,27,Private,Doctorate,Divorced,Adm-clerical,White,Female,0,0,40,United-States,1,u26,RidgeClassifier,random,1
u27,48,Private,HS-grad,Divorced,Machine-op-inspct,Other,Female,0,0,38,Ecuador,0,u27,RidgeClassifier,random,0
0,48,Private,Doctorate,Divorced,Sales,Other,Female,0,0,38,Ecuador,1,u27,RidgeClassifier,random,1
0,48,Private,Doctorate,Divorced,Prof-specialty,Other,Female,0,0,38,Ecuador,1,u27,RidgeClassifier,random,1
0,48,Private,Doctorate,Married-civ-spouse,Prof-specialty,Other,Female,0,0,38,Ecuador,1,u27,RidgeClassifier,random,1
0,48,Private,Doctorate,Married-civ-spouse,Machine-op-inspct,Other,Female,0,0,38,Ecuador,1,u27,RidgeClassifier,random,1
0,48,Self-emp-inc,Prof-school,Married-civ-spouse,Machine-op-inspct,Other,Female,0,0,38,Ecuador,1,u27,RidgeClassifier,random,1
u28,34,Private,Bachelors,Divorced,Craft-repair,White,Female,0,0,25,United-States,0,u28,RidgeClassifier,random,0
0,34,Private,Doctorate,Married-civ-spouse,Craft-repair,White,Female,0,0,25,United-States,1,u28,RidgeClassifier,random,1
0,34,Federal-gov,Doctorate,Divorced,Craft-repair,White,Female,0,0,25,United-States,1,u28,RidgeClassifier,random,1
0,34,Private,Doctorate,Divorced,Sales,White,Female,0,0,25,United-States,1,u28,RidgeClassifier,random,1
0,34,Self-emp-inc,Doctorate,Divorced,Craft-repair,White,Female,0,0,25,United-States,1,u28,RidgeClassifier,random,1
0,34,Private,Doctorate,Divorced,Prof-specialty,White,Female,0,0,25,United-States,1,u28,RidgeClassifier,random,1
u29,67,?,7th-8th,Married-civ-spouse,?,White,Male,2414,0,40,United-States,0,u29,RidgeClassifier,random,0
0,67,?,Doctorate,Married-civ-spouse,Machine-op-inspct,White,Male,2414,0,40,United-States,1,u29,RidgeClassifier,random,1
0,67,State-gov,Doctorate,Married-civ-spouse,?,White,Male,2414,0,40,United-States,1,u29,RidgeClassifier,random,1
0,67,Never-worked,Prof-school,Married-civ-spouse,?,White,Male,2414,0,40,United-States,1,u29,RidgeClassifier,random,1
0,67,Private,Prof-school,Married-civ-spouse,?,White,Male,2414,0,40,United-States,1,u29,RidgeClassifier,random,1
0,67,Self-emp-inc,12th,Married-civ-spouse,?,White,Male,2414,0,40,United-States,1,u29,RidgeClassifier,random,1
u30,70,?,HS-grad,Widowed,?,White,Female,2009,0,40,United-States,0,u30,RidgeClassifier,random,0
0,70,?,Doctorate,Widowed,Sales,White,Female,2009,0,40,United-States,1,u30,RidgeClassifier,random,1
0,70,Federal-gov,Doctorate,Widowed,?,White,Female,2009,0,40,United-States,1,u30,RidgeClassifier,random,1
0,70,?,Doctorate,Widowed,Adm-clerical,White,Female,2009,0,40,United-States,1,u30,RidgeClassifier,random,1
0,70,Self-emp-inc,HS-grad,Married-civ-spouse,?,White,Female,2009,0,40,United-States,1,u30,RidgeClassifier,random,1
0,70,?,Doctorate,Divorced,?,White,Female,2009,0,40,United-States,1,u30,RidgeClassifier,random,1
u31,32,Self-emp-not-inc,Bachelors,Married-civ-spouse,Exec-managerial,Black,Male,0,0,40,?,0,u31,RidgeClassifier,random,0
0,32,Self-emp-inc,Prof-school,Married-civ-spouse,Exec-managerial,Black,Male,0,0,40,?,1,u31,RidgeClassifier,random,1
0,32,Local-gov,Doctorate,Married-civ-spouse,Exec-managerial,Black,Male,0,0,40,?,1,u31,RidgeClassifier,random,1
0,32,Self-emp-not-inc,Doctorate,Married-civ-spouse,Craft-repair,Black,Male,0,0,40,?,1,u31,RidgeClassifier,random,1
0,32,Self-emp-not-inc,Doctorate,Married-civ-spouse,Exec-managerial,Black,Male,0,0,40,?,1,u31,RidgeClassifier,random,1
0,32,Self-emp-not-inc,Prof-school,Married-civ-spouse,Sales,Black,Male,0,0,40,?,1,u31,RidgeClassifier,random,1
u32,36,Self-emp-not-inc,Some-college,Married-civ-spouse,Exec-managerial,White,Male,0,0,52,United-States,0,u32,RidgeClassifier,random,0
0,36,Self-emp-not-inc,Doctorate,Divorced,Exec-managerial,White,Male,0,0,52,United-States,1,u32,RidgeClassifier,random,1
0,36,Federal-gov,Assoc-acdm,Married-civ-spouse,Exec-managerial,White,Male,0,0,52,United-States,1,u32,RidgeClassifier,random,1
0,36,Self-emp-not-inc,1st-4th,Married-civ-spouse,Sales,White,Male,0,0,52,United-States,1,u32,RidgeClassifier,random,1
0,36,Self-emp-not-inc,Prof-school,Married-civ-spouse,Handlers-cleaners,White,Male,0,0,52,United-States,1,u32,RidgeClassifier,random,1
0,36,Self-emp-not-inc,Doctorate,Married-civ-spouse,Handlers-cleaners,White,Male,0,0,52,United-States,1,u32,RidgeClassifier,random,1
u33,30,Private,HS-grad,Never-married,Machine-op-inspct,White,Male,0,0,45,United-States,0,u33,RidgeClassifier,random,0
0,30,Private,Doctorate,Never-married,?,White,Male,0,0,45,United-States,1,u33,RidgeClassifier,random,1
0,30,Private,Doctorate,Never-married,Protective-serv,White,Male,0,0,45,United-States,1,u33,RidgeClassifier,random,1
0,30,Self-emp-inc,Doctorate,Never-married,Machine-op-inspct,White,Male,0,0,45,United-States,1,u33,RidgeClassifier,random,1
0,30,Private,Doctorate,Never-married,Tech-support,White,Male,0,0,45,United-States,1,u33,RidgeClassifier,random,1
0,30,Federal-gov,Doctorate,Never-married,Machine-op-inspct,White,Male,0,0,45,United-States,1,u33,RidgeClassifier,random,1
u34,52,Private,Masters,Married-civ-spouse,Exec-managerial,White,Male,0,0,40,United-States,0,u34,RidgeClassifier,random,0
0,52,Private,Some-college,Widowed,Exec-managerial,White,Male,0,0,40,United-States,1,u34,RidgeClassifier,random,0
0,52,Private,7th-8th,Separated,Exec-managerial,White,Male,0,0,40,United-States,1,u34,RidgeClassifier,random,0
0,52,Private,5th-6th,Married-spouse-absent,Exec-managerial,White,Male,0,0,40,United-States,1,u34,RidgeClassifier,random,0
0,52,Private,5th-6th,Married-civ-spouse,Other-service,White,Male,0,0,40,United-States,1,u34,RidgeClassifier,random,0
0,52,State-gov,Masters,Married-spouse-absent,Exec-managerial,White,Male,0,0,40,United-States,1,u34,RidgeClassifier,random,0
u35,64,Private,11th,Married-civ-spouse,Craft-repair,White,Male,0,2179,40,United-States,0,u35,RidgeClassifier,random,0
0,64,Local-gov,11th,Married-spouse-absent,Craft-repair,White,Male,0,2179,40,United-States,1,u35,RidgeClassifier,random,0
0,64,Local-gov,11th,Separated,Craft-repair,White,Male,0,2179,40,United-States,1,u35,RidgeClassifier,random,0
0,64,Private,11th,Never-married,Exec-managerial,White,Male,0,2179,40,United-States,1,u35,RidgeClassifier,random,0
0,64,State-gov,11th,Married-civ-spouse,Farming-fishing,White,Male,0,2179,40,United-States,1,u35,RidgeClassifier,random,0
0,64,Private,11th,Never-married,Transport-moving,White,Male,0,2179,40,United-States,1,u35,RidgeClassifier,random,0
u36,19,Private,Some-college,Never-married,Sales,White,Male,0,0,15,United-States,0,u36,RidgeClassifier,random,0
0,19,?,Doctorate,Never-married,Sales,White,Male,0,0,15,United-States,1,u36,RidgeClassifier,random,1
0,19,Local-gov,Doctorate,Never-married,Sales,White,Male,0,0,15,United-States,1,u36,RidgeClassifier,random,1
0,19,Private,Doctorate,Married-spouse-absent,Sales,White,Male,0,0,15,United-States,1,u36,RidgeClassifier,random,1
0,19,Self-emp-inc,Doctorate,Never-married,Sales,White,Male,0,0,15,United-States,1,u36,RidgeClassifier,random,1
0,19,Self-emp-inc,Some-college,Married-civ-spouse,Sales,White,Male,0,0,15,United-States,1,u36,RidgeClassifier,random,1
u37,31,Private,Some-college,Never-married,Exec-managerial,White,Male,0,0,60,United-States,0,u37,RidgeClassifier,random,0
0,31,Local-gov,Doctorate,Never-married,Exec-managerial,White,Male,0,0,60,United-States,1,u37,RidgeClassifier,random,1
0,31,Private,Doctorate,Never-married,?,White,Male,0,0,60,United-States,1,u37,RidgeClassifier,random,1
0,31,Private,Doctorate,Never-married,Prof-specialty,White,Male,0,0,60,United-States,1,u37,RidgeClassifier,random,1
0,31,Private,Prof-school,Married-civ-spouse,Exec-managerial,White,Male,0,0,60,United-States,1,u37,RidgeClassifier,random,1
0,31,Private,Doctorate,Never-married,Exec-managerial,White,Male,0,0,60,United-States,1,u37,RidgeClassifier,random,1
u38,67,Local-gov,Bachelors,Divorced,Adm-clerical,Black,Female,6360,0,35,United-States,0,u38,RidgeClassifier,random,0
0,67,Self-emp-inc,1st-4th,Divorced,Adm-clerical,Black,Female,6360,0,35,United-States,1,u38,RidgeClassifier,random,1
0,67,Self-emp-inc,Masters,Divorced,Adm-clerical,Black,Female,6360,0,35,United-States,1,u38,RidgeClassifier,random,1
0,67,Local-gov,Doctorate,Married-civ-spouse,Adm-clerical,Black,Female,6360,0,35,United-States,1,u38,RidgeClassifier,random,1
0,67,Never-worked,Bachelors,Married-civ-spouse,Adm-clerical,Black,Female,6360,0,35,United-States,1,u38,RidgeClassifier,random,1
0,67,Local-gov,Doctorate,Divorced,Priv-house-serv,Black,Female,6360,0,35,United-States,1,u38,RidgeClassifier,random,1
u39,46,Private,9th,Divorced,Other-service,White,Male,0,0,25,United-States,0,u39,RidgeClassifier,random,0
0,46,Never-worked,Doctorate,Divorced,Other-service,White,Male,0,0,25,United-States,1,u39,RidgeClassifier,random,1
0,46,Self-emp-inc,Doctorate,Divorced,Other-service,White,Male,0,0,25,United-States,1,u39,RidgeClassifier,random,1
0,46,Private,Doctorate,Divorced,Other-service,White,Male,0,0,25,United-States,1,u39,RidgeClassifier,random,1
0,46,Private,Doctorate,Divorced,Adm-clerical,White,Male,0,0,25,United-States,1,u39,RidgeClassifier,random,1
0,46,Private,Doctorate,Divorced,Exec-managerial,White,Male,0,0,25,United-States,1,u39,RidgeClassifier,random,1
u40,38,Private,HS-grad,Never-married,Handlers-cleaners,White,Male,594,0,50,United-States,0,u40,RidgeClassifier,random,0
0,38,Private,Doctorate,Divorced,Handlers-cleaners,White,Male,594,0,50,United-States,1,u40,RidgeClassifier,random,1
0,38,Private,Doctorate,Never-married,Protective-serv,White,Male,594,0,50,United-States,1,u40,RidgeClassifier,random,1
0,38,Private,Doctorate,Never-married,Exec-managerial,White,Male,594,0,50,United-States,1,u40,RidgeClassifier,random,1
0,38,Private,Doctorate,Never-married,Other-service,White,Male,594,0,50,United-States,1,u40,RidgeClassifier,random,1
0,38,Private,Doctorate,Never-married,Prof-specialty,White,Male,594,0,50,United-States,1,u40,RidgeClassifier,random,1
u41,27,Private,Bachelors,Never-married,Sales,White,Male,0,0,35,United-States,0,u41,RidgeClassifier,random,0
0,27,Private,Assoc-acdm,Married-civ-spouse,Sales,White,Male,0,0,35,United-States,1,u41,RidgeClassifier,random,1
0,27,Private,Bachelors,Married-civ-spouse,Sales,White,Male,0,0,35,United-States,1,u41,RidgeClassifier,random,1
0,27,Private,Doctorate,Widowed,Sales,White,Male,0,0,35,United-States,1,u41,RidgeClassifier,random,1
0,27,Self-emp-not-inc,Bachelors,Married-civ-spouse,Sales,White,Male,0,0,35,United-States,1,u41,RidgeClassifier,random,1
0,27,Private,1st-4th,Married-civ-spouse,Sales,White,Male,0,0,35,United-States,1,u41,RidgeClassifier,random,1
u42,49,Private,Assoc-voc,Divorced,Tech-support,White,Female,0,0,40,United-States,0,u42,RidgeClassifier,random,0
0,49,Private,Doctorate,Separated,Tech-support,White,Female,0,0,40,United-States,1,u42,RidgeClassifier,random,1
0,49,Self-emp-inc,Assoc-voc,Married-civ-spouse,Tech-support,White,Female,0,0,40,United-States,1,u42,RidgeClassifier,random,1
0,49,Local-gov,Doctorate,Divorced,Tech-support,White,Female,0,0,40,United-States,1,u42,RidgeClassifier,random,1
0,49,Private,Doctorate,Married-civ-spouse,Tech-support,White,Female,0,0,40,United-States,1,u42,RidgeClassifier,random,1
0,49,Private,Doctorate,Divorced,Tech-support,White,Female,0,0,40,United-States,1,u42,RidgeClassifier,random,1
u43,49,Private,Assoc-voc,Married-civ-spouse,Adm-clerical,White,Male,0,0,40,United-States,0,u43,RidgeClassifier,random,0
0,49,Private,Masters,Married-civ-spouse,Prof-specialty,White,Male,0,0,40,United-States,1,u43,RidgeClassifier,random,1
0,49,Self-emp-inc,Masters,Married-civ-spouse,Adm-clerical,White,Male,0,0,40,United-States,1,u43,RidgeClassifier,random,1
0,49,Self-emp-inc,Assoc-voc,Married-civ-spouse,?,White,Male,0,0,40,United-States,1,u43,RidgeClassifier,random,1
0,49,Private,Masters,Married-civ-spouse,Sales,White,Male,0,0,40,United-States,1,u43,RidgeClassifier,random,1
0,49,Self-emp-inc,Assoc-voc,Married-civ-spouse,Transport-moving,White,Male,0,0,40,United-States,1,u43,RidgeClassifier,random,1
u44,37,Private,HS-grad,Married-civ-spouse,Exec-managerial,White,Male,0,0,55,United-States,0,u44,RidgeClassifier,random,0
0,37,Private,Doctorate,Widowed,Exec-managerial,White,Male,0,0,55,United-States,1,u44,RidgeClassifier,random,1
0,37,Self-emp-inc,Assoc-voc,Married-civ-spouse,Exec-managerial,White,Male,0,0,55,United-States,1,u44,RidgeClassifier,random,1
0,37,Private,Prof-school,Married-civ-spouse,Tech-support,White,Male,0,0,55,United-States,1,u44,RidgeClassifier,random,1
0,37,Private,Doctorate,Married-civ-spouse,Handlers-cleaners,White,Male,0,0,55,United-States,1,u44,RidgeClassifier,random,1
0,37,Self-emp-not-inc,Doctorate,Married-civ-spouse,Exec-managerial,White,Male,0,0,55,United-States,1,u44,RidgeClassifier,random,1
u45,30,Local-gov,Bachelors,Married-civ-spouse,Prof-specialty,White,Male,0,0,40,United-States,0,u45,RidgeClassifier,random,0
0,30,Self-emp-not-inc,Bachelors,Married-civ-spouse,Adm-clerical,White,Male,0,0,40,United-States,1,u45,RidgeClassifier,random,1
0,30,Local-gov,Doctorate,Never-married,Prof-specialty,White,Male,0,0,40,United-States,1,u45,RidgeClassifier,random,1
0,30,Federal-gov,Bachelors,Married-civ-spouse,Tech-support,White,Male,0,0,40,United-States,1,u45,RidgeClassifier,random,1
0,30,Local-gov,Prof-school,Married-civ-spouse,Protective-serv,White,Male,0,0,40,United-States,1,u45,RidgeClassifier,random,1
0,30,Never-worked,Bachelors,Married-civ-spouse,Adm-clerical,White,Male,0,0,40,United-States,1,u45,RidgeClassifier,random,1
u46,57,Private,HS-grad,Married-civ-spouse,Craft-repair,White,Male,0,0,40,United-States,0,u46,RidgeClassifier,random,0
0,57,Federal-gov,Prof-school,Married-civ-spouse,Craft-repair,White,Male,0,0,40,United-States,1,u46,RidgeClassifier,random,1
0,57,Self-emp-inc,Prof-school,Married-civ-spouse,Craft-repair,White,Male,0,0,40,United-States,1,u46,RidgeClassifier,random,1
0,57,Private,Doctorate,Married-spouse-absent,Craft-repair,White,Male,0,0,40,United-States,1,u46,RidgeClassifier,random,1
0,57,Self-emp-inc,Assoc-voc,Married-civ-spouse,Craft-repair,White,Male,0,0,40,United-States,1,u46,RidgeClassifier,random,1
0,57,Self-emp-inc,9th,Married-civ-spouse,Craft-repair,White,Male,0,0,40,United-States,1,u46,RidgeClassifier,random,1
u47,43,Private,Bachelors,Separated,Prof-specialty,White,Female,0,0,40,United-States,0,u47,RidgeClassifier,random,0
0,43,Self-emp-inc,Prof-school,Separated,Prof-specialty,White,Female,0,0,40,United-States,1,u47,RidgeClassifier,random,1
0,43,Self-emp-inc,Doctorate,Separated,Prof-specialty,White,Female,0,0,40,United-States,1,u47,RidgeClassifier,random,1
0,43,Private,Bachelors,Married-civ-spouse,Prof-specialty,White,Female,0,0,40,United-States,1,u47,RidgeClassifier,random,1
0,43,Local-gov,Doctorate,Separated,Prof-specialty,White,Female,0,0,40,United-States,1,u47,RidgeClassifier,random,1
0,43,Federal-gov,Bachelors,Married-civ-spouse,Prof-specialty,White,Female,0,0,40,United-States,1,u47,RidgeClassifier,random,1
u48,46,Private,Bachelors,Widowed,Tech-support,White,Female,0,0,38,United-States,0,u48,RidgeClassifier,random,0
0,46,Self-emp-inc,Bachelors,Married-civ-spouse,Tech-support,White,Female,0,0,38,United-States,1,u48,RidgeClassifier,random,1
0,46,Private,Doctorate,Married-spouse-absent,Tech-support,White,Female,0,0,38,United-States,1,u48,RidgeClassifier,random,1
0,46,Self-emp-not-inc,Doctorate,Widowed,Tech-support,White,Female,0,0,38,United-States,1,u48,RidgeClassifier,random,1
0,46,Federal-gov,Bachelors,Married-civ-spouse,Tech-support,White,Female,0,0,38,United-States,1,u48,RidgeClassifier,random,1
0,46,Private,Doctorate,Divorced,Tech-support,White,Female,0,0,38,United-States,1,u48,RidgeClassifier,random,1
u49,25,Private,HS-grad,Separated,Other-service,Black,Male,0,0,40,United-States,0,u49,RidgeClassifier,random,0
0,25,Private,Doctorate,Separated,Priv-house-serv,Black,Male,0,0,40,United-States,1,u49,RidgeClassifier,random,1
0,25,Private,Doctorate,Separated,Other-service,Black,Male,0,0,40,United-States,1,u49,RidgeClassifier,random,1
0,25,Private,Doctorate,Divorced,Other-service,Black,Male,0,0,40,United-States,1,u49,RidgeClassifier,random,1
0,25,Private,Doctorate,Separated,Adm-clerical,Black,Male,0,0,40,United-States,1,u49,RidgeClassifier,random,1
0,25,Never-worked,Doctorate,Separated,Other-service,Black,Male,0,0,40,United-States,1,u49,RidgeClassifier,random,1
u50,25,Private,Bachelors,Married-civ-spouse,Prof-specialty,White,Male,0,0,40,United-States,0,u50,RidgeClassifier,random,0
0,25,Local-gov,7th-8th,Married-civ-spouse,Prof-specialty,White,Male,0,0,40,United-States,1,u50,RidgeClassifier,random,0
0,25,Self-emp-not-inc,Bachelors,Separated,Prof-specialty,White,Male,0,0,40,United-States,1,u50,RidgeClassifier,random,0
0,25,Private,11th,Married-civ-spouse,Other-service,White,Male,0,0,40,United-States,1,u50,RidgeClassifier,random,0
0,25,Private,9th,Married-civ-spouse,?,White,Male,0,0,40,United-States,1,u50,RidgeClassifier,random,0
0,25,Federal-gov,Bachelors,Married-spouse-absent,Prof-specialty,White,Male,0,0,40,United-States,1,u50,RidgeClassifier,random,0
u51,55,Private,Some-college,Married-civ-spouse,Transport-moving,Black,Male,0,0,35,United-States,0,u51,RidgeClassifier,random,0
0,55,Self-emp-not-inc,Prof-school,Married-civ-spouse,Transport-moving,Black,Male,0,0,35,United-States,1,u51,RidgeClassifier,random,1
0,55,Private,Prof-school,Married-civ-spouse,Exec-managerial,Black,Male,0,0,35,United-States,1,u51,RidgeClassifier,random,1
0,55,Private,Prof-school,Married-civ-spouse,Adm-clerical,Black,Male,0,0,35,United-States,1,u51,RidgeClassifier,random,1
0,55,?,Doctorate,Married-civ-spouse,Transport-moving,Black,Male,0,0,35,United-States,1,u51,RidgeClassifier,random,1
0,55,Private,Prof-school,Married-civ-spouse,Priv-house-serv,Black,Male,0,0,35,United-States,1,u51,RidgeClassifier,random,1
u52,26,Private,Bachelors,Never-married,Adm-clerical,White,Male,0,0,40,United-States,0,u52,RidgeClassifier,random,0
0,26,Private,Bachelors,Married-civ-spouse,Adm-clerical,White,Male,0,0,40,United-States,1,u52,RidgeClassifier,random,1
0,26,Private,1st-4th,Married-civ-spouse,Adm-clerical,White,Male,0,0,40,United-States,1,u52,RidgeClassifier,random,1
0,26,Self-emp-not-inc,Doctorate,Never-married,Adm-clerical,White,Male,0,0,40,United-States,1,u52,RidgeClassifier,random,1
0,26,Self-emp-not-inc,Bachelors,Married-civ-spouse,Adm-clerical,White,Male,0,0,40,United-States,1,u52,RidgeClassifier,random,1
0,26,Private,Masters,Married-civ-spouse,Adm-clerical,White,Male,0,0,40,United-States,1,u52,RidgeClassifier,random,1
u53,19,Private,12th,Never-married,Adm-clerical,White,Female,0,0,25,United-States,0,u53,RidgeClassifier,random,0
0,19,Private,Doctorate,Never-married,Adm-clerical,White,Female,0,0,25,United-States,1,u53,RidgeClassifier,random,1
0,19,Private,Doctorate,Never-married,Sales,White,Female,0,0,25,United-States,1,u53,RidgeClassifier,random,1
0,19,Self-emp-inc,12th,Married-civ-spouse,Adm-clerical,White,Female,0,0,25,United-States,1,u53,RidgeClassifier,random,1
0,19,Private,Prof-school,Married-civ-spouse,Adm-clerical,White,Female,0,0,25,United-States,1,u53,RidgeClassifier,random,1
0,19,Private,Doctorate,Separated,Adm-clerical,White,Female,0,0,25,United-States,1,u53,RidgeClassifier,random,1
u54,46,Private,Masters,Married-civ-spouse,Adm-clerical,White,Male,0,1740,60,United-States,0,u54,RidgeClassifier,random,0
0,46,State-gov,11th,Married-civ-spouse,Adm-clerical,White,Male,0,1740,60,United-States,1,u54,RidgeClassifier,random,0
0,46,Private,12th,Divorced,Adm-clerical,White,Male,0,1740,60,United-States,1,u54,RidgeClassifier,random,0
0,46,State-gov,10th,Married-civ-spouse,Adm-clerical,White,Male,0,1740,60,United-States,1,u54,RidgeClassifier,random,0
0,46,Private,Some-college,Married-spouse-absent,Adm-clerical,White,Male,0,1740,60,United-States,1,u54,RidgeClassifier,random,0
0,46,Private,10th,Married-civ-spouse,Farming-fishing,White,Male,0,1740,60,United-States,1,u54,RidgeClassifier,random,0
u55,33,Private,HS-grad,Married-civ-spouse,Other-service,White,Female,0,0,25,United-States,0,u55,RidgeClassifier,random,0
0,33,Self-emp-inc,Assoc-voc,Married-civ-spouse,Other-service,White,Female,0,0,25,United-States,1,u55,RidgeClassifier,random,1
0,33,Private,Doctorate,Married-civ-spouse,Priv-house-serv,White,Female,0,0,25,United-States,1,u55,RidgeClassifier,random,1
0,33,Self-emp-inc,Masters,Married-civ-spouse,Other-service,White,Female,0,0,25,United-States,1,u55,RidgeClassifier,random,1
0,33,Private,Prof-school,Married-civ-spouse,Exec-managerial,White,Female,0,0,25,United-States,1,u55,RidgeClassifier,random,1
0,33,Private,Doctorate,Married-civ-spouse,Transport-moving,White,Female,0,0,25,United-States,1,u55,RidgeClassifier,random,1
u56,37,Private,HS-grad,Never-married,Transport-moving,Black,Male,0,0,50,United-States,0,u56,RidgeClassifier,random,0
0,37,Private,Prof-school,Married-civ-spouse,Transport-moving,Black,Male,0,0,50,United-States,1,u56,RidgeClassifier,random,1
0,37,Self-emp-inc,Doctorate,Never-married,Transport-moving,Black,Male,0,0,50,United-States,1,u56,RidgeClassifier,random,1
0,37,Private,Doctorate,Never-married,Priv-house-serv,Black,Male,0,0,50,United-States,1,u56,RidgeClassifier,random,1
0,37,Private,Doctorate,Never-married,Sales,Black,Male,0,0,50,United-States,1,u56,RidgeClassifier,random,1
0,37,Private,Doctorate,Never-married,Machine-op-inspct,Black,Male,0,0,50,United-States,1,u56,RidgeClassifier,random,1
u57,45,Private,11th,Married-civ-spouse,Craft-repair,White,Male,0,0,42,United-States,0,u57,RidgeClassifier,random,0
0,45,Private,Prof-school,Married-civ-spouse,Adm-clerical,White,Male,0,0,42,United-States,1,u57,RidgeClassifier,random,1
0,45,Private,Doctorate,Married-civ-spouse,Craft-repair,White,Male,0,0,42,United-States,1,u57,RidgeClassifier,random,1
0,45,Private,Doctorate,Married-civ-spouse,Other-service,White,Male,0,0,42,United-States,1,u57,RidgeClassifier,random,1
0,45,Private,Bachelors,Married-civ-spouse,Tech-support,White,Male,0,0,42,United-States,1,u57,RidgeClassifier,random,1
0,45,Private,1st-4th,Married-civ-spouse,Exec-managerial,White,Male,0,0,42,United-States,1,u57,RidgeClassifier,random,1
u58,56,Private,7th-8th,Married-civ-spouse,Handlers-cleaners,White,Male,0,2002,40,United-States,0,u58,RidgeClassifier,random,0
0,56,Self-emp-inc,Masters,Married-civ-spouse,Handlers-cleaners,White,Male,0,2002,40,United-States,1,u58,RidgeClassifier,random,1
0,56,Never-worked,7th-8th,Married-civ-spouse,Machine-op-inspct,White,Male,0,2002,40,United-States,1,u58,RidgeClassifier,random,1
0,56,Local-gov,Bachelors,Married-civ-spouse,Handlers-cleaners,White,Male,0,2002,40,United-States,1,u58,RidgeClassifier,random,1
0,56,Private,Some-college,Married-civ-spouse,Other-service,White,Male,0,2002,40,United-States,1,u58,RidgeClassifier,random,1
0,56,Local-gov,Masters,Married-civ-spouse,Handlers-cleaners,White,Male,0,2002,40,United-States,1,u58,RidgeClassifier,random,1
u59,17,Private,11th,Never-married,Other-service,White,Female,0,0,12,United-States,0,u59,RidgeClassifier,random,0
0,17,Private,Doctorate,Never-married,Sales,White,Female,0,0,12,United-States,1,u59,RidgeClassifier,random,1
0,17,Self-emp-inc,Doctorate,Never-married,Other-service,White,Female,0,0,12,United-States,1,u59,RidgeClassifier,random,1
0,17,Private,Doctorate,Married-civ-spouse,Other-service,White,Female,0,0,12,United-States,1,u59,RidgeClassifier,random,1
0,17,Private,Doctorate,Never-married,Adm-clerical,White,Female,0,0,12,United-States,1,u59,RidgeClassifier,random,1
0,17,Private,Doctorate,Divorced,Other-service,White,Female,0,0,12,United-States,1,u59,RidgeClassifier,random,1
u60,29,Private,HS-grad,Married-spouse-absent,Other-service,Other,Female,0,0,40,Columbia,0,u60,RidgeClassifier,random,0
0,29,Never-worked,Doctorate,Married-spouse-absent,Sales,Other,Female,0,0,40,Columbia,1,u60,RidgeClassifier,random,1
0,29,Self-emp-inc,Doctorate,Married-spouse-absent,Exec-managerial,Other,Female,0,0,40,Columbia,1,u60,RidgeClassifier,random,1
0,29,Self-emp-inc,Doctorate,Married-spouse-absent,Other-service,Other,Female,0,0,40,Columbia,1,u60,RidgeClassifier,random,1
0,29,Self-emp-inc,Doctorate,Married-civ-spouse,Other-service,Other,Female,0,0,40,Columbia,1,u60,RidgeClassifier,random,1
0,29,Private,Prof-school,Married-civ-spouse,Prof-specialty,Other,Female,0,0,40,Columbia,1,u60,RidgeClassifier,random,1
u61,31,?,Assoc-acdm,Never-married,?,White,Female,0,0,25,United-States,0,u61,RidgeClassifier,random,0
0,31,?,Doctorate,Married-civ-spouse,Handlers-cleaners,White,Female,0,0,25,United-States,1,u61,RidgeClassifier,random,1
0,31,Self-emp-not-inc,Prof-school,Married-civ-spouse,?,White,Female,0,0,25,United-States,1,u61,RidgeClassifier,random,1
0,31,Federal-gov,Assoc-acdm,Married-civ-spouse,Sales,White,Female,0,0,25,United-States,1,u61,RidgeClassifier,random,1
0,31,?,Doctorate,Married-civ-spouse,?,White,Female,0,0,25,United-States,1,u61,RidgeClassifier,random,1
0,31,Self-emp-inc,Assoc-acdm,Married-civ-spouse,?,White,Female,0,0,25,United-States,1,u61,RidgeClassifier,random,1
u62,40,Private,HS-grad,Divorced,Adm-clerical,White,Male,0,0,40,United-States,0,u62,RidgeClassifier,random,0
0,40,Self-emp-inc,Bachelors,Divorced,Adm-clerical,White,Male,0,0,40,United-States,1,u62,RidgeClassifier,random,1
0,40,Never-worked,Doctorate,Divorced,Adm-clerical,White,Male,0,0,40,United-States,1,u62,RidgeClassifier,random,1
0,40,Private,Doctorate,Widowed,Adm-clerical,White,Male,0,0,40,United-States,1,u62,RidgeClassifier,random,1
0,40,Private,Doctorate,Divorced,?,White,Male,0,0,40,United-States,1,u62,RidgeClassifier,random,1
0,40,Local-gov,Doctorate,Divorced,Adm-clerical,White,Male,0,0,40,United-States,1,u62,RidgeClassifier,random,1
u63,25,Private,HS-grad,Never-married,Adm-clerical,White,Female,0,0,40,United-States,0,u63,RidgeClassifier,random,0
0,25,Private,Doctorate,Never-married,Adm-clerical,White,Female,0,0,40,United-States,1,u63,RidgeClassifier,random,1
0,25,Private,Doctorate,Married-spouse-absent,Adm-clerical,White,Female,0,0,40,United-States,1,u63,RidgeClassifier,random,1
0,25,Never-worked,Doctorate,Never-married,Adm-clerical,White,Female,0,0,40,United-States,1,u63,RidgeClassifier,random,1
0,25,Self-emp-not-inc,Doctorate,Never-married,Adm-clerical,White,Female,0,0,40,United-States,1,u63,RidgeClassifier,random,1
0,25,Private,Doctorate,Married-civ-spouse,Adm-clerical,White,Female,0,0,40,United-States,1,u63,RidgeClassifier,random,1
u64,64,Private,Bachelors,Divorced,Sales,White,Female,0,0,5,United-States,0,u64,RidgeClassifier,random,0
0,64,Never-worked,Doctorate,Divorced,Sales,White,Female,0,0,5,United-States,1,u64,RidgeClassifier,random,1
0,64,State-gov,Doctorate,Divorced,Sales,White,Female,0,0,5,United-States,1,u64,RidgeClassifier,random,1
0,64,Self-emp-not-inc,Doctorate,Divorced,Sales,White,Female,0,0,5,United-States,1,u64,RidgeClassifier,random,1
0,64,Private,Doctorate,Divorced,Exec-managerial,White,Female,0,0,5,United-States,1,u64,RidgeClassifier,random,1
0,64,Federal-gov,Doctorate,Divorced,Sales,White,Female,0,0,5,United-States,1,u64,RidgeClassifier,random,1
u65,52,Private,HS-grad,Separated,Craft-repair,White,Male,0,0,40,United-States,0,u65,RidgeClassifier,random,0
0,52,Private,Doctorate,Divorced,Craft-repair,White,Male,0,0,40,United-States,1,u65,RidgeClassifier,random,1
0,52,Private,Doctorate,Separated,Other-service,White,Male,0,0,40,United-States,1,u65,RidgeClassifier,random,1
0,52,Private,Doctorate,Married-civ-spouse,Craft-repair,White,Male,0,0,40,United-States,1,u65,RidgeClassifier,random,1
0,52,Never-worked,Doctorate,Separated,Craft-repair,White,Male,0,0,40,United-States,1,u65,RidgeClassifier,random,1
0,52,Self-emp-inc,Doctorate,Separated,Craft-repair,White,Male,0,0,40,United-States,1,u65,RidgeClassifier,random,1
u66,27,Federal-gov,Some-college,Married-civ-spouse,Craft-repair,White,Male,0,0,50,United-States,0,u66,RidgeClassifier,random,0
0,27,Never-worked,Doctorate,Married-civ-spouse,Craft-repair,White,Male,0,0,50,United-States,1,u66,RidgeClassifier,random,1
0,27,Federal-gov,Prof-school,Married-civ-spouse,Protective-serv,White,Male,0,0,50,United-States,1,u66,RidgeClassifier,random,1
0,27,Federal-gov,Doctorate,Married-civ-spouse,Handlers-cleaners,White,Male,0,0,50,United-States,1,u66,RidgeClassifier,random,1
0,27,Self-emp-inc,Some-college,Married-civ-spouse,Other-service,White,Male,0,0,50,United-States,1,u66,RidgeClassifier,random,1
0,27,Self-emp-inc,Prof-school,Married-civ-spouse,Craft-repair,White,Male,0,0,50,United-States,1,u66,RidgeClassifier,random,1
u67,29,Private,Some-college,Never-married,Farming-fishing,White,Male,0,0,40,United-States,0,u67,RidgeClassifier,random,0
0,29,Private,Doctorate,Never-married,Prof-specialty,White,Male,0,0,40,United-States,1,u67,RidgeClassifier,random,1
0,29,Private,Doctorate,Never-married,Craft-repair,White,Male,0,0,40,United-States,1,u67,RidgeClassifier,random,1
0,29,Private,Doctorate,Never-married,Sales,White,Male,0,0,40,United-States,1,u67,RidgeClassifier,random,1
0,29,Private,Doctorate,Married-civ-spouse,Farming-fishing,White,Male,0,0,40,United-States,1,u67,RidgeClassifier,random,1
0,29,Private,Doctorate,Never-married,Tech-support,White,Male,0,0,40,United-States,1,u67,RidgeClassifier,random,1
u68,31,Private,Assoc-voc,Never-married,Adm-clerical,Black,Female,0,0,40,United-States,0,u68,RidgeClassifier,random,0
0,31,Private,Doctorate,Never-married,Prof-specialty,Black,Female,0,0,40,United-States,1,u68,RidgeClassifier,random,1
0,31,Federal-gov,Doctorate,Never-married,Adm-clerical,Black,Female,0,0,40,United-States,1,u68,RidgeClassifier,random,1
0,31,Self-emp-inc,Doctorate,Never-married,Adm-clerical,Black,Female,0,0,40,United-States,1,u68,RidgeClassifier,random,1
0,31,Self-emp-inc,Assoc-voc,Married-civ-spouse,Adm-clerical,Black,Female,0,0,40,United-States,1,u68,RidgeClassifier,random,1
0,31,Never-worked,Doctorate,Never-married,Adm-clerical,Black,Female,0,0,40,United-States,1,u68,RidgeClassifier,random,1
u69,56,Private,Some-college,Separated,Tech-support,Black,Female,0,0,38,United-States,0,u69,RidgeClassifier,random,0
0,56,Private,Doctorate,Separated,Prof-specialty,Black,Female,0,0,38,United-States,1,u69,RidgeClassifier,random,1
0,56,Private,Doctorate,Separated,Sales,Black,Female,0,0,38,United-States,1,u69,RidgeClassifier,random,1
0,56,Private,Doctorate,Married-civ-spouse,Tech-support,Black,Female,0,0,38,United-States,1,u69,RidgeClassifier,random,1
0,56,Never-worked,Doctorate,Separated,Tech-support,Black,Female,0,0,38,United-States,1,u69,RidgeClassifier,random,1
0,56,Private,Doctorate,Divorced,Tech-support,Black,Female,0,0,38,United-States,1,u69,RidgeClassifier,random,1
u70,71,Self-emp-not-inc,1st-4th,Divorced,Craft-repair,White,Female,0,0,28,United-States,0,u70,RidgeClassifier,random,0
0,71,Self-emp-inc,1st-4th,Divorced,Prof-specialty,White,Female,0,0,28,United-States,1,u70,RidgeClassifier,random,1
0,71,Self-emp-not-inc,Doctorate,Divorced,Craft-repair,White,Female,0,0,28,United-States,1,u70,RidgeClassifier,random,1
0,71,Self-emp-not-inc,Doctorate,Divorced,Priv-house-serv,White,Female,0,0,28,United-States,1,u70,RidgeClassifier,random,1
0,71,Never-worked,Doctorate,Divorced,Craft-repair,White,Female,0,0,28,United-States,1,u70,RidgeClassifier,random,1
0,71,Self-emp-not-inc,Doctorate,Divorced,Handlers-cleaners,White,Female,0,0,28,United-States,1,u70,RidgeClassifier,random,1
u71,27,Private,Some-college,Married-civ-spouse,Tech-support,White,Male,3908,0,40,United-States,0,u71,RidgeClassifier,random,0
0,27,Private,Doctorate,Married-civ-spouse,Exec-managerial,White,Male,3908,0,40,United-States,1,u71,RidgeClassifier,random,1
0,27,?,Doctorate,Married-civ-spouse,Tech-support,White,Male,3908,0,40,United-States,1,u71,RidgeClassifier,random,1
0,27,Never-worked,Some-college,Married-civ-spouse,Sales,White,Male,3908,0,40,United-States,1,u71,RidgeClassifier,random,1
0,27,Private,Doctorate,Married-civ-spouse,Sales,White,Male,3908,0,40,United-States,1,u71,RidgeClassifier,random,1
0,27,Self-emp-inc,Doctorate,Married-civ-spouse,Tech-support,White,Male,3908,0,40,United-States,1,u71,RidgeClassifier,random,1
u72,29,Federal-gov,Bachelors,Never-married,Prof-specialty,White,Female,0,0,40,United-States,0,u72,RidgeClassifier,random,0
0,29,Self-emp-inc,Prof-school,Never-married,Prof-specialty,White,Female,0,0,40,United-States,1,u72,RidgeClassifier,random,1
0,29,Federal-gov,Doctorate,Never-married,Adm-clerical,White,Female,0,0,40,United-States,1,u72,RidgeClassifier,random,1
0,29,Self-emp-inc,Bachelors,Married-civ-spouse,Prof-specialty,White,Female,0,0,40,United-States,1,u72,RidgeClassifier,random,1
0,29,Self-emp-not-inc,Bachelors,Married-civ-spouse,Prof-specialty,White,Female,0,0,40,United-States,1,u72,RidgeClassifier,random,1
0,29,Federal-gov,Doctorate,Never-married,Craft-repair,White,Female,0,0,40,United-States,1,u72,RidgeClassifier,random,1
u73,53,Private,Some-college,Married-civ-spouse,Tech-support,White,Male,0,0,40,United-States,0,u73,RidgeClassifier,random,0
0,53,Private,Masters,Married-civ-spouse,Adm-clerical,White,Male,0,0,40,United-States,1,u73,RidgeClassifier,random,1
0,53,Federal-gov,Doctorate,Married-civ-spouse,Tech-support,White,Male,0,0,40,United-States,1,u73,RidgeClassifier,random,1
0,53,Private,Doctorate,Married-civ-spouse,Transport-moving,White,Male,0,0,40,United-States,1,u73,RidgeClassifier,random,1
0,53,Private,Doctorate,Widowed,Tech-support,White,Male,0,0,40,United-States,1,u73,RidgeClassifier,random,1
0,53,Self-emp-inc,Some-college,Married-civ-spouse,Adm-clerical,White,Male,0,0,40,United-States,1,u73,RidgeClassifier,random,1
u74,61,Private,HS-grad,Married-civ-spouse,Other-service,White,Female,0,0,4,United-States,0,u74,RidgeClassifier,random,0
0,61,Private,Doctorate,Married-civ-spouse,Priv-house-serv,White,Female,0,0,4,United-States,1,u74,RidgeClassifier,random,1
0,61,Private,Masters,Married-civ-spouse,Sales,White,Female,0,0,4,United-States,1,u74,RidgeClassifier,random,1
0,61,Private,Doctorate,Divorced,Other-service,White,Female,0,0,4,United-States,1,u74,RidgeClassifier,random,1
0,61,Self-emp-inc,1st-4th,Married-civ-spouse,Other-service,White,Female,0,0,4,United-States,1,u74,RidgeClassifier,random,1
0,61,Private,Masters,Married-civ-spouse,Prof-specialty,White,Female,0,0,4,United-States,1,u74,RidgeClassifier,random,1
u75,26,Private,HS-grad,Never-married,Machine-op-inspct,White,Male,0,0,52,United-States,0,u75,RidgeClassifier,random,0
0,26,Private,Doctorate,Never-married,Protective-serv,White,Male,0,0,52,United-States,1,u75,RidgeClassifier,random,1
0,26,Private,Doctorate,Never-married,Priv-house-serv,White,Male,0,0,52,United-States,1,u75,RidgeClassifier,random,1
0,26,Private,Doctorate,Never-married,Machine-op-inspct,White,Male,0,0,52,United-States,1,u75,RidgeClassifier,random,1
0,26,Private,Doctorate,Never-married,Adm-clerical,White,Male,0,0,52,United-States,1,u75,RidgeClassifier,random,1
0,26,Private,Prof-school,Married-civ-spouse,Machine-op-inspct,White,Male,0,0,52,United-States,1,u75,RidgeClassifier,random,1
u76,22,?,Some-college,Never-married,?,White,Male,0,0,40,United-States,0,u76,RidgeClassifier,random,0
0,22,?,Doctorate,Never-married,Prof-specialty,White,Male,0,0,40,United-States,1,u76,RidgeClassifier,random,1
0,22,Never-worked,Doctorate,Never-married,?,White,Male,0,0,40,United-States,1,u76,RidgeClassifier,random,1
0,22,?,Doctorate,Never-married,Adm-clerical,White,Male,0,0,40,United-States,1,u76,RidgeClassifier,random,1
0,22,Self-emp-inc,Doctorate,Never-married,?,White,Male,0,0,40,United-States,1,u76,RidgeClassifier,random,1
0,22,?,Doctorate,Divorced,?,White,Male,0,0,40,United-States,1,u76,RidgeClassifier,random,1
u77,35,Private,Some-college,Married-spouse-absent,Farming-fishing,White,Male,0,0,40,United-States,0,u77,RidgeClassifier,random,0
0,35,Private,Doctorate,Married-spouse-absent,Tech-support,White,Male,0,0,40,United-States,1,u77,RidgeClassifier,random,1
0,35,Private,Doctorate,Married-spouse-absent,?,White,Male,0,0,40,United-States,1,u77,RidgeClassifier,random,1
0,35,Self-emp-inc,Doctorate,Married-spouse-absent,Farming-fishing,White,Male,0,0,40,United-States,1,u77,RidgeClassifier,random,1
0,35,Private,Doctorate,Married-civ-spouse,Farming-fishing,White,Male,0,0,40,United-States,1,u77,RidgeClassifier,random,1
0,35,Private,Doctorate,Married-spouse-absent,Protective-serv,White,Male,0,0,40,United-States,1,u77,RidgeClassifier,random,1
u78,52,State-gov,11th,Married-civ-spouse,Transport-moving,White,Male,0,0,40,United-States,0,u78,RidgeClassifier,random,0
0,52,State-gov,Doctorate,Married-civ-spouse,?,White,Male,0,0,40,United-States,1,u78,RidgeClassifier,random,1
0,52,Local-gov,Doctorate,Married-civ-spouse,Transport-moving,White,Male,0,0,40,United-States,1,u78,RidgeClassifier,random,1
0,52,Self-emp-inc,Assoc-voc,Married-civ-spouse,Transport-moving,White,Male,0,0,40,United-States,1,u78,RidgeClassifier,random,1
0,52,Self-emp-inc,11th,Married-civ-spouse,Protective-serv,White,Male,0,0,40,United-States,1,u78,RidgeClassifier,random,1
0,52,State-gov,Doctorate,Married-civ-spouse,Adm-clerical,White,Male,0,0,40,United-States,1,u78,RidgeClassifier,random,1
u79,47,Private,HS-grad,Divorced,Exec-managerial,White,Female,0,1974,40,United-States,0,u79,RidgeClassifier,random,0
0,47,Self-emp-not-inc,Prof-school,Divorced,Exec-managerial,White,Female,0,1974,40,United-States,1,u79,RidgeClassifier,random,1
0,47,Private,Doctorate,Divorced,Handlers-cleaners,White,Female,0,1974,40,United-States,1,u79,RidgeClassifier,random,1
0,47,Federal-gov,HS-grad,Married-civ-spouse,Exec-managerial,White,Female,0,1974,40,United-States,1,u79,RidgeClassifier,random,1
0,47,Self-emp-not-inc,Doctorate,Divorced,Exec-managerial,White,Female,0,1974,40,United-States,1,u79,RidgeClassifier,random,1
0,47,Private,Doctorate,Divorced,Adm-clerical,White,Female,0,1974,40,United-States,1,u79,RidgeClassifier,random,1
u80,21,Private,Some-college,Never-married,Adm-clerical,White,Female,0,0,25,United-States,0,u80,RidgeClassifier,random,0
0,21,Private,Doctorate,Never-married,Prof-specialty,White,Female,0,0,25,United-States,1,u80,RidgeClassifier,random,1
0,21,Private,Prof-school,Married-civ-spouse,Adm-clerical,White,Female,0,0,25,United-States,1,u80,RidgeClassifier,random,1
0,21,Never-worked,Doctorate,Never-married,Adm-clerical,White,Female,0,0,25,United-States,1,u80,RidgeClassifier,random,1
0,21,Private,Doctorate,Married-civ-spouse,Adm-clerical,White,Female,0,0,25,United-States,1,u80,RidgeClassifier,random,1
0,21,Private,Doctorate,Separated,Adm-clerical,White,Female,0,0,25,United-States,1,u80,RidgeClassifier,random,1
u81,24,?,Bachelors,Never-married,?,White,Female,0,0,40,United-States,0,u81,RidgeClassifier,random,0
0,24,?,Doctorate,Married-civ-spouse,?,White,Female,0,0,40,United-States,1,u81,RidgeClassifier,random,1
0,24,Self-emp-inc,Doctorate,Divorced,?,White,Female,0,0,40,United-States,1,u81,RidgeClassifier,random,1
0,24,Self-emp-inc,Bachelors,Married-civ-spouse,?,White,Female,0,0,40,United-States,1,u81,RidgeClassifier,random,1
0,24,?,Doctorate,Never-married,Sales,White,Female,0,0,40,United-States,1,u81,RidgeClassifier,random,1
0,24,Self-emp-not-inc,Doctorate,Divorced,?,White,Female,0,0,40,United-States,1,u81,RidgeClassifier,random,1
u82,44,Self-emp-not-inc,HS-grad,Married-civ-spouse,Craft-repair,White,Male,0,0,30,United-States,0,u82,RidgeClassifier,random,0
0,44,?,Prof-school,Married-civ-spouse,Craft-repair,White,Male,0,0,30,United-States,1,u82,RidgeClassifier,random,1
0,44,Self-emp-inc,Assoc-voc,Married-civ-spouse,Craft-repair,White,Male,0,0,30,United-States,1,u82,RidgeClassifier,random,1
0,44,Self-emp-not-inc,Doctorate,Married-civ-spouse,Sales,White,Male,0,0,30,United-States,1,u82,RidgeClassifier,random,1
0,44,Self-emp-not-inc,Assoc-voc,Married-civ-spouse,Prof-specialty,White,Male,0,0,30,United-States,1,u82,RidgeClassifier,random,1
0,44,Self-emp-not-inc,1st-4th,Married-civ-spouse,Exec-managerial,White,Male,0,0,30,United-States,1,u82,RidgeClassifier,random,1
u83,19,Private,HS-grad,Never-married,Handlers-cleaners,White,Male,0,0,35,United-States,0,u83,RidgeClassifier,random,0
0,19,Federal-gov,Doctorate,Never-married,Handlers-cleaners,White,Male,0,0,35,United-States,1,u83,RidgeClassifier,random,1
0,19,Private,Doctorate,Never-married,Craft-repair,White,Male,0,0,35,United-States,1,u83,RidgeClassifier,random,1
0,19,Private,Doctorate,Never-married,Exec-managerial,White,Male,0,0,35,United-States,1,u83,RidgeClassifier,random,1
0,19,Private,Doctorate,Never-married,Sales,White,Male,0,0,35,United-States,1,u83,RidgeClassifier,random,1
0,19,Private,Doctorate,Never-married,Priv-house-serv,White,Male,0,0,35,United-States,1,u83,RidgeClassifier,random,1
u84,42,Local-gov,HS-grad,Widowed,Transport-moving,White,Female,0,0,40,United-States,0,u84,RidgeClassifier,random,0
0,42,Local-gov,Doctorate,Married-civ-spouse,Other-service,White,Female,0,0,40,United-States,1,u84,RidgeClassifier,random,1
0,42,Self-emp-inc,Doctorate,Widowed,Priv-house-serv,White,Female,0,0,40,United-States,1,u84,RidgeClassifier,random,1
0,42,Self-emp-inc,Doctorate,Separated,Transport-moving,White,Female,0,0,40,United-States,1,u84,RidgeClassifier,random,1
0,42,Federal-gov,Doctorate,Married-civ-spouse,Transport-moving,White,Female,0,0,40,United-States,1,u84,RidgeClassifier,random,1
0,42,Self-emp-inc,Doctorate,Widowed,Transport-moving,White,Female,0,0,40,United-States,1,u84,RidgeClassifier,random,1
u85,48,Private,HS-grad,Married-civ-spouse,Machine-op-inspct,White,Male,0,0,40,United-States,0,u85,RidgeClassifier,random,0
0,48,Private,1st-4th,Married-civ-spouse,Adm-clerical,White,Male,0,0,40,United-States,1,u85,RidgeClassifier,random,1
0,48,Private,Doctorate,Separated,Machine-op-inspct,White,Male,0,0,40,United-States,1,u85,RidgeClassifier,random,1
0,48,Self-emp-inc,HS-grad,Married-civ-spouse,?,White,Male,0,0,40,United-States,1,u85,RidgeClassifier,random,1
0,48,Never-worked,Prof-school,Married-civ-spouse,Machine-op-inspct,White,Male,0,0,40,United-States,1,u85,RidgeClassifier,random,1
0,48,Private,Masters,Married-civ-spouse,Adm-clerical,White,Male,0,0,40,United-States,1,u85,RidgeClassifier,random,1
u86,48,Private,10th,Married-civ-spouse,Craft-repair,White,Male,0,0,30,United-States,0,u86,RidgeClassifier,random,0
0,48,Private,Bachelors,Married-civ-spouse,Tech-support,White,Male,0,0,30,United-States,1,u86,RidgeClassifier,random,1
0,48,Federal-gov,Bachelors,Married-civ-spouse,Craft-repair,White,Male,0,0,30,United-States,1,u86,RidgeClassifier,random,1
0,48,Federal-gov,Doctorate,Married-civ-spouse,Craft-repair,White,Male,0,0,30,United-States,1,u86,RidgeClassifier,random,1
0,48,State-gov,Doctorate,Married-civ-spouse,Craft-repair,White,Male,0,0,30,United-States,1,u86,RidgeClassifier,random,1
0,48,Private,Doctorate,Married-civ-spouse,Priv-house-serv,White,Male,0,0,30,United-States,1,u86,RidgeClassifier,random,1
u87,34,Local-gov,Some-college,Married-civ-spouse,Transport-moving,White,Male,0,1579,40,United-States,0,u87,RidgeClassifier,random,0
0,34,Self-emp-inc,Assoc-acdm,Married-civ-spouse,Transport-moving,White,Male,0,1579,40,United-States,1,u87,RidgeClassifier,random,1
0,34,?,Some-college,Married-civ-spouse,Prof-specialty,White,Male,0,1579,40,United-States,1,u87,RidgeClassifier,random,1
0,34,Local-gov,Doctorate,Married-civ-spouse,Transport-moving,White,Male,0,1579,40,United-States,1,u87,RidgeClassifier,random,1
0,34,Self-emp-inc,Some-college,Married-civ-spouse,Handlers-cleaners,White,Male,0,1579,40,United-States,1,u87,RidgeClassifier,random,1
0,34,Self-emp-inc,Prof-school,Married-civ-spouse,Transport-moving,White,Male,0,1579,40,United-States,1,u87,RidgeClassifier,random,1
u88,21,Self-emp-not-inc,Some-college,Never-married,Tech-support,White,Male,0,0,25,United-States,0,u88,RidgeClassifier,random,0
0,21,Self-emp-not-inc,Doctorate,Never-married,Tech-support,White,Male,0,0,25,United-States,1,u88,RidgeClassifier,random,1
0,21,Self-emp-not-inc,Doctorate,Never-married,Priv-house-serv,White,Male,0,0,25,United-States,1,u88,RidgeClassifier,random,1
0,21,Self-emp-not-inc,Bachelors,Married-civ-spouse,Tech-support,White,Male,0,0,25,United-States,1,u88,RidgeClassifier,random,1
0,21,Never-worked,Doctorate,Never-married,Tech-support,White,Male,0,0,25,United-States,1,u88,RidgeClassifier,random,1
0,21,Self-emp-not-inc,Doctorate,Divorced,Tech-support,White,Male,0,0,25,United-States,1,u88,RidgeClassifier,random,1
u89,61,Private,10th,Married-civ-spouse,Sales,White,Male,0,0,40,United-States,0,u89,RidgeClassifier,random,0
0,61,Private,Doctorate,Married-civ-spouse,Handlers-cleaners,White,Male,0,0,40,United-States,1,u89,RidgeClassifier,random,1
0,61,Federal-gov,Prof-school,Married-civ-spouse,Sales,White,Male,0,0,40,United-States,1,u89,RidgeClassifier,random,1
0,61,Federal-gov,1st-4th,Married-civ-spouse,Sales,White,Male,0,0,40,United-States,1,u89,RidgeClassifier,random,1
0,61,State-gov,Prof-school,Married-civ-spouse,Sales,White,Male,0,0,40,United-States,1,u89,RidgeClassifier,random,1
0,61,Never-worked,Prof-school,Married-civ-spouse,Sales,White,Male,0,0,40,United-States,1,u89,RidgeClassifier,random,1
u90,30,Federal-gov,Some-college,Married-civ-spouse,Adm-clerical,White,Male,0,0,40,United-States,0,u90,RidgeClassifier,random,0
0,30,Self-emp-inc,HS-grad,Married-civ-spouse,Adm-clerical,White,Male,0,0,40,United-States,1,u90,RidgeClassifier,random,1
0,30,Private,Prof-school,Married-civ-spouse,Adm-clerical,White,Male,0,0,40,United-States,1,u90,RidgeClassifier,random,1
0,30,Federal-gov,Assoc-voc,Married-civ-spouse,Sales,White,Male,0,0,40,United-States,1,u90,RidgeClassifier,random,1
0,30,Federal-gov,1st-4th,Married-civ-spouse,Adm-clerical,White,Male,0,0,40,United-States,1,u90,RidgeClassifier,random,1
0,30,Self-emp-inc,Some-college,Married-civ-spouse,Adm-clerical,White,Male,0,0,40,United-States,1,u90,RidgeClassifier,random,1
u91,35,Private,HS-grad,Married-civ-spouse,Transport-moving,White,Male,2885,0,40,United-States,0,u91,RidgeClassifier,random,0
0,35,Self-emp-inc,Assoc-voc,Married-civ-spouse,Transport-moving,White,Male,2885,0,40,United-States,1,u91,RidgeClassifier,random,1
0,35,Federal-gov,HS-grad,Married-civ-spouse,Prof-specialty,White,Male,2885,0,40,United-States,1,u91,RidgeClassifier,random,1
0,35,Private,Prof-school,Married-civ-spouse,Protective-serv,White,Male,2885,0,40,United-States,1,u91,RidgeClassifier,random,1
0,35,Self-emp-inc,HS-grad,Married-civ-spouse,Other-service,White,Male,2885,0,40,United-States,1,u91,RidgeClassifier,random,1
0,35,Self-emp-inc,HS-grad,Married-civ-spouse,Machine-op-inspct,White,Male,2885,0,40,United-States,1,u91,RidgeClassifier,random,1
