Index,age,workclass,education,marital-status,occupation,race,sex,capital-gain,capital-loss,hours-per-week,native-country,CF_user,candid,clf,Method_cfe,income
u0,28,Private,Some-college,Never-married,Craft-repair,White,Male,0,0,40,United-States,0,u0,CalibratedClassifierCV,random,0
0,28,Private,Some-college,Married-spouse-absent,Craft-repair,White,Male,0,0,40,United-States,1,u0,CalibratedClassifierCV,random,1
0,28,Self-emp-inc,Some-college,Married-spouse-absent,Craft-repair,White,Male,0,0,40,United-States,1,u0,CalibratedClassifierCV,random,1
0,28,Private,Some-college,Married-spouse-absent,Prof-specialty,White,Male,0,0,40,United-States,1,u0,CalibratedClassifierCV,random,1
0,28,Local-gov,Some-college,Married-civ-spouse,Craft-repair,White,Male,0,0,40,United-States,1,u0,CalibratedClassifierCV,random,1
0,28,Private,Prof-school,Married-spouse-absent,Craft-repair,White,Male,0,0,40,United-States,1,u0,CalibratedClassifierCV,random,1
u1,32,Private,Masters,Never-married,Adm-clerical,White,Male,0,0,40,United-States,0,u1,CalibratedClassifierCV,random,0
0,32,Self-emp-inc,Masters,Married-spouse-absent,Prof-specialty,White,Male,0,0,40,United-States,1,u1,CalibratedClassifierCV,random,1
0,32,State-gov,Doctorate,Married-spouse-absent,Exec-managerial,White,Male,0,0,40,United-States,1,u1,CalibratedClassifierCV,random,1
0,32,Private,Masters,Married-spouse-absent,Prof-specialty,White,Male,0,0,40,United-States,1,u1,CalibratedClassifierCV,random,1
0,32,State-gov,Masters,Married-spouse-absent,Exec-managerial,White,Male,0,0,40,United-States,1,u1,CalibratedClassifierCV,random,1
0,32,Self-emp-not-inc,Bachelors,Married-spouse-absent,Exec-managerial,White,Male,0,0,40,United-States,1,u1,CalibratedClassifierCV,random,1
u2,28,Private,11th,Never-married,Transport-moving,White,Male,0,0,50,United-States,0,u2,CalibratedClassifierCV,random,0
0,28,Private,Some-college,Married-spouse-absent,Prof-specialty,White,Male,0,0,50,United-States,1,u2,CalibratedClassifierCV,random,1
0,28,Self-emp-inc,Some-college,Married-spouse-absent,Prof-specialty,White,Male,0,0,50,United-States,1,u2,CalibratedClassifierCV,random,1
0,28,Local-gov,11th,Married-spouse-absent,Prof-specialty,White,Male,0,0,50,United-States,1,u2,CalibratedClassifierCV,random,1
0,28,Local-gov,Prof-school,Married-spouse-absent,Handlers-cleaners,White,Male,0,0,50,United-States,1,u2,CalibratedClassifierCV,random,1
0,28,Private,Some-college,Married-spouse-absent,Tech-support,White,Male,0,0,50,United-States,1,u2,CalibratedClassifierCV,random,1
u3,31,Private,Some-college,Married-civ-spouse,Adm-clerical,Black,Female,0,0,40,United-States,0,u3,CalibratedClassifierCV,random,0
0,31,Local-gov,Some-college,Married-civ-spouse,Exec-managerial,Black,Female,0,0,40,United-States,1,u3,CalibratedClassifierCV,random,1
0,31,Local-gov,Some-college,Married-civ-spouse,Sales,Black,Female,0,0,40,United-States,1,u3,CalibratedClassifierCV,random,1
0,31,Private,Some-college,Married-spouse-absent,Exec-managerial,Black,Female,0,0,40,United-States,1,u3,CalibratedClassifierCV,random,1
0,31,Local-gov,Some-college,Married-civ-spouse,Prof-specialty,Black,Female,0,0,40,United-States,1,u3,CalibratedClassifierCV,random,1
0,31,Local-gov,Some-college,Married-civ-spouse,Craft-repair,Black,Female,0,0,40,United-States,1,u3,CalibratedClassifierCV,random,1
u4,49,Self-emp-inc,HS-grad,Married-civ-spouse,Exec-managerial,White,Male,0,0,50,United-States,0,u4,CalibratedClassifierCV,random,0
0,49,Self-emp-inc,HS-grad,Married-spouse-absent,Prof-specialty,White,Male,0,0,50,United-States,1,u4,CalibratedClassifierCV,random,1
0,49,Self-emp-inc,Masters,Married-civ-spouse,Exec-managerial,White,Male,0,0,50,United-States,1,u4,CalibratedClassifierCV,random,1
0,49,Local-gov,10th,Married-civ-spouse,Exec-managerial,White,Male,0,0,50,United-States,1,u4,CalibratedClassifierCV,random,1
0,49,Self-emp-inc,Assoc-voc,Married-civ-spouse,Tech-support,White,Male,0,0,50,United-States,1,u4,CalibratedClassifierCV,random,1
0,49,State-gov,Bachelors,Married-civ-spouse,Exec-managerial,White,Male,0,0,50,United-States,1,u4,CalibratedClassifierCV,random,1
u5,28,Self-emp-not-inc,Prof-school,Never-married,Prof-specialty,White,Male,2176,0,40,United-States,0,u5,CalibratedClassifierCV,random,0
0,28,Local-gov,Prof-school,Married-civ-spouse,Prof-specialty,White,Male,2176,0,40,United-States,1,u5,CalibratedClassifierCV,random,1
0,28,Local-gov,Prof-school,Married-spouse-absent,Prof-specialty,White,Male,2176,0,40,United-States,1,u5,CalibratedClassifierCV,random,1
0,28,Self-emp-inc,Prof-school,Married-civ-spouse,Prof-specialty,White,Male,2176,0,40,United-States,1,u5,CalibratedClassifierCV,random,1
0,28,Self-emp-not-inc,Prof-school,Married-civ-spouse,Prof-specialty,White,Male,2176,0,40,United-States,1,u5,CalibratedClassifierCV,random,1
0,28,Federal-gov,Prof-school,Married-spouse-absent,Prof-specialty,White,Male,2176,0,40,United-States,1,u5,CalibratedClassifierCV,random,1
u6,42,Private,Some-college,Married-civ-spouse,Adm-clerical,White,Female,0,0,40,United-States,0,u6,CalibratedClassifierCV,random,0
0,42,Federal-gov,Some-college,Married-civ-spouse,Prof-specialty,White,Female,0,0,40,United-States,1,u6,CalibratedClassifierCV,random,1
0,42,Local-gov,Some-college,Married-civ-spouse,Transport-moving,White,Female,0,0,40,United-States,1,u6,CalibratedClassifierCV,random,1
0,42,Private,Some-college,Married-spouse-absent,Tech-support,White,Female,0,0,40,United-States,1,u6,CalibratedClassifierCV,random,1
0,42,Self-emp-inc,Some-college,Married-civ-spouse,Exec-managerial,White,Female,0,0,40,United-States,1,u6,CalibratedClassifierCV,random,1
0,42,Private,Some-college,Married-civ-spouse,Prof-specialty,White,Female,0,0,40,United-States,1,u6,CalibratedClassifierCV,random,1
u7,22,Private,Some-college,Never-married,Transport-moving,Asian-Pac-Islander,Male,0,0,40,United-States,0,u7,CalibratedClassifierCV,random,0
0,22,Local-gov,Some-college,Married-spouse-absent,Sales,Asian-Pac-Islander,Male,0,0,40,United-States,1,u7,CalibratedClassifierCV,random,1
0,22,Private,Some-college,Married-spouse-absent,Exec-managerial,Asian-Pac-Islander,Male,0,0,40,United-States,1,u7,CalibratedClassifierCV,random,1
0,22,Local-gov,Prof-school,Married-spouse-absent,Transport-moving,Asian-Pac-Islander,Male,0,0,40,United-States,1,u7,CalibratedClassifierCV,random,1
0,22,Local-gov,Some-college,Married-spouse-absent,Prof-specialty,Asian-Pac-Islander,Male,0,0,40,United-States,1,u7,CalibratedClassifierCV,random,1
0,22,Local-gov,Some-college,Married-spouse-absent,Machine-op-inspct,Asian-Pac-Islander,Male,0,0,40,United-States,1,u7,CalibratedClassifierCV,random,1
u8,59,Local-gov,HS-grad,Married-civ-spouse,Transport-moving,White,Male,0,0,45,United-States,0,u8,CalibratedClassifierCV,random,0
0,59,Local-gov,Assoc-voc,Married-civ-spouse,Tech-support,White,Male,0,0,45,United-States,1,u8,CalibratedClassifierCV,random,1
0,59,Local-gov,9th,Married-civ-spouse,Craft-repair,White,Male,0,0,45,United-States,1,u8,CalibratedClassifierCV,random,1
0,59,Local-gov,9th,Married-civ-spouse,Sales,White,Male,0,0,45,United-States,1,u8,CalibratedClassifierCV,random,1
0,59,Local-gov,Prof-school,Married-spouse-absent,Transport-moving,White,Male,0,0,45,United-States,1,u8,CalibratedClassifierCV,random,1
0,59,Local-gov,HS-grad,Married-civ-spouse,Tech-support,White,Male,0,0,45,United-States,1,u8,CalibratedClassifierCV,random,1
u9,45,Private,HS-grad,Widowed,Other-service,Asian-Pac-Islander,Female,0,0,50,South,0,u9,CalibratedClassifierCV,random,0
0,45,Private,Assoc-voc,Married-spouse-absent,Craft-repair,Asian-Pac-Islander,Female,0,0,50,South,1,u9,CalibratedClassifierCV,random,1
0,45,Local-gov,Assoc-voc,Married-civ-spouse,Exec-managerial,Asian-Pac-Islander,Female,0,0,50,South,1,u9,CalibratedClassifierCV,random,1
0,45,Self-emp-not-inc,Bachelors,Married-spouse-absent,Prof-specialty,Asian-Pac-Islander,Female,0,0,50,South,1,u9,CalibratedClassifierCV,random,1
0,45,Private,Masters,Married-spouse-absent,Tech-support,Asian-Pac-Islander,Female,0,0,50,South,1,u9,CalibratedClassifierCV,random,1
0,45,Local-gov,9th,Married-spouse-absent,Sales,Asian-Pac-Islander,Female,0,0,50,South,1,u9,CalibratedClassifierCV,random,1
u10,42,Private,10th,Married-civ-spouse,Exec-managerial,White,Male,0,0,40,United-States,0,u10,CalibratedClassifierCV,random,0
0,42,Self-emp-not-inc,Some-college,Married-civ-spouse,Exec-managerial,White,Male,0,0,40,United-States,1,u10,CalibratedClassifierCV,random,1
0,42,Local-gov,10th,Married-spouse-absent,Exec-managerial,White,Male,0,0,40,United-States,1,u10,CalibratedClassifierCV,random,1
0,42,Local-gov,10th,Married-civ-spouse,Prof-specialty,White,Male,0,0,40,United-States,1,u10,CalibratedClassifierCV,random,1
0,42,Local-gov,12th,Married-civ-spouse,Exec-managerial,White,Male,0,0,40,United-States,1,u10,CalibratedClassifierCV,random,1
0,42,Private,Doctorate,Married-spouse-absent,Exec-managerial,White,Male,0,0,40,United-States,1,u10,CalibratedClassifierCV,random,1
u11,35,Private,12th,Married-civ-spouse,Craft-repair,White,Male,0,0,40,United-States,0,u11,CalibratedClassifierCV,random,0
0,35,Private,Some-college,Married-spouse-absent,Craft-repair,White,Male,0,0,40,United-States,1,u11,CalibratedClassifierCV,random,1
0,35,Local-gov,Some-college,Married-civ-spouse,Craft-repair,White,Male,0,0,40,United-States,1,u11,CalibratedClassifierCV,random,1
0,35,Local-gov,12th,Married-civ-spouse,Exec-managerial,White,Male,0,0,40,United-States,1,u11,CalibratedClassifierCV,random,1
0,35,Local-gov,12th,Married-civ-spouse,Prof-specialty,White,Male,0,0,40,United-States,1,u11,CalibratedClassifierCV,random,1
0,35,Local-gov,9th,Married-civ-spouse,Craft-repair,White,Male,0,0,40,United-States,1,u11,CalibratedClassifierCV,random,1
u12,51,Local-gov,HS-grad,Married-civ-spouse,Transport-moving,Amer-Indian-Eskimo,Male,0,0,40,United-States,0,u12,CalibratedClassifierCV,random,0
0,51,Local-gov,Prof-school,Married-civ-spouse,Sales,Amer-Indian-Eskimo,Male,0,0,40,United-States,1,u12,CalibratedClassifierCV,random,1
0,51,Local-gov,HS-grad,Married-spouse-absent,Tech-support,Amer-Indian-Eskimo,Male,0,0,40,United-States,1,u12,CalibratedClassifierCV,random,1
0,51,Local-gov,Masters,Married-civ-spouse,Sales,Amer-Indian-Eskimo,Male,0,0,40,United-States,1,u12,CalibratedClassifierCV,random,1
0,51,Local-gov,Some-college,Married-civ-spouse,Machine-op-inspct,Amer-Indian-Eskimo,Male,0,0,40,United-States,1,u12,CalibratedClassifierCV,random,1
0,51,Local-gov,Assoc-voc,Married-spouse-absent,Transport-moving,Amer-Indian-Eskimo,Male,0,0,40,United-States,1,u12,CalibratedClassifierCV,random,1
u13,30,Self-emp-not-inc,Bachelors,Never-married,Sales,White,Male,0,0,40,United-States,0,u13,CalibratedClassifierCV,random,0
0,30,Local-gov,Bachelors,Married-spouse-absent,Sales,White,Male,0,0,40,United-States,1,u13,CalibratedClassifierCV,random,1
0,30,Self-emp-inc,Bachelors,Married-spouse-absent,Craft-repair,White,Male,0,0,40,United-States,1,u13,CalibratedClassifierCV,random,1
0,30,Local-gov,Bachelors,Married-spouse-absent,Farming-fishing,White,Male,0,0,40,United-States,1,u13,CalibratedClassifierCV,random,1
0,30,Local-gov,Some-college,Married-spouse-absent,Sales,White,Male,0,0,40,United-States,1,u13,CalibratedClassifierCV,random,1
0,30,Self-emp-inc,Bachelors,Married-spouse-absent,Prof-specialty,White,Male,0,0,40,United-States,1,u13,CalibratedClassifierCV,random,1
u14,21,Private,HS-grad,Never-married,Transport-moving,White,Female,0,0,40,United-States,0,u14,CalibratedClassifierCV,random,0
0,21,Local-gov,HS-grad,Married-spouse-absent,Exec-managerial,White,Female,0,0,40,United-States,1,u14,CalibratedClassifierCV,random,1
0,21,Private,Some-college,Married-spouse-absent,Prof-specialty,White,Female,0,0,40,United-States,1,u14,CalibratedClassifierCV,random,1
0,21,Private,Prof-school,Married-spouse-absent,Exec-managerial,White,Female,0,0,40,United-States,1,u14,CalibratedClassifierCV,random,1
u15,41,Private,HS-grad,Separated,Other-service,White,Female,0,0,40,United-States,0,u15,CalibratedClassifierCV,random,0
0,41,Local-gov,Prof-school,Separated,Tech-support,White,Female,0,0,40,United-States,1,u15,CalibratedClassifierCV,random,1
0,41,Local-gov,HS-grad,Married-spouse-absent,Tech-support,White,Female,0,0,40,United-States,1,u15,CalibratedClassifierCV,random,1
0,41,Local-gov,HS-grad,Married-civ-spouse,Prof-specialty,White,Female,0,0,40,United-States,1,u15,CalibratedClassifierCV,random,1
0,41,Private,Bachelors,Married-spouse-absent,Craft-repair,White,Female,0,0,40,United-States,1,u15,CalibratedClassifierCV,random,1
0,41,Self-emp-inc,HS-grad,Married-spouse-absent,Prof-specialty,White,Female,0,0,40,United-States,1,u15,CalibratedClassifierCV,random,1
u16,29,Private,HS-grad,Married-civ-spouse,Craft-repair,White,Male,0,0,40,United-States,0,u16,CalibratedClassifierCV,random,0
0,29,Private,Prof-school,Married-spouse-absent,Craft-repair,White,Male,0,0,40,United-States,1,u16,CalibratedClassifierCV,random,1
0,29,Local-gov,Bachelors,Married-civ-spouse,Craft-repair,White,Male,0,0,40,United-States,1,u16,CalibratedClassifierCV,random,1
0,29,Private,Some-college,Married-spouse-absent,Craft-repair,White,Male,0,0,40,United-States,1,u16,CalibratedClassifierCV,random,1
0,29,Local-gov,Some-college,Married-civ-spouse,Craft-repair,White,Male,0,0,40,United-States,1,u16,CalibratedClassifierCV,random,1
0,29,Local-gov,Prof-school,Married-civ-spouse,Craft-repair,White,Male,0,0,40,United-States,1,u16,CalibratedClassifierCV,random,1
u17,45,Local-gov,Assoc-acdm,Divorced,Prof-specialty,White,Female,0,0,48,United-States,0,u17,CalibratedClassifierCV,random,0
0,45,Local-gov,Assoc-acdm,Married-spouse-absent,Handlers-cleaners,White,Female,0,0,48,United-States,1,u17,CalibratedClassifierCV,random,1
0,45,Local-gov,HS-grad,Married-civ-spouse,Prof-specialty,White,Female,0,0,48,United-States,1,u17,CalibratedClassifierCV,random,1
0,45,Local-gov,Masters,Married-civ-spouse,Prof-specialty,White,Female,0,0,48,United-States,1,u17,CalibratedClassifierCV,random,1
0,45,Local-gov,Assoc-acdm,Married-civ-spouse,Exec-managerial,White,Female,0,0,48,United-States,1,u17,CalibratedClassifierCV,random,1
0,45,Local-gov,Masters,Married-spouse-absent,Prof-specialty,White,Female,0,0,48,United-States,1,u17,CalibratedClassifierCV,random,1
u18,29,Private,Some-college,Never-married,Handlers-cleaners,Black,Male,0,0,45,United-States,0,u18,CalibratedClassifierCV,random,0
0,29,Self-emp-not-inc,Some-college,Married-spouse-absent,Prof-specialty,Black,Male,0,0,45,United-States,1,u18,CalibratedClassifierCV,random,1
0,29,Self-emp-inc,Some-college,Married-spouse-absent,Craft-repair,Black,Male,0,0,45,United-States,1,u18,CalibratedClassifierCV,random,1
0,29,Private,Some-college,Married-spouse-absent,Exec-managerial,Black,Male,0,0,45,United-States,1,u18,CalibratedClassifierCV,random,1
0,29,Local-gov,Some-college,Married-spouse-absent,Handlers-cleaners,Black,Male,0,0,45,United-States,1,u18,CalibratedClassifierCV,random,1
0,29,State-gov,Some-college,Married-spouse-absent,Prof-specialty,Black,Male,0,0,45,United-States,1,u18,CalibratedClassifierCV,random,1
u19,42,Private,HS-grad,Married-civ-spouse,Craft-repair,White,Male,0,0,40,United-States,0,u19,CalibratedClassifierCV,random,0
0,42,Private,Some-college,Married-spouse-absent,Craft-repair,White,Male,0,0,40,United-States,1,u19,CalibratedClassifierCV,random,1
0,42,Local-gov,HS-grad,Married-civ-spouse,Prof-specialty,White,Male,0,0,40,United-States,1,u19,CalibratedClassifierCV,random,1
0,42,Private,Prof-school,Married-spouse-absent,Craft-repair,White,Male,0,0,40,United-States,1,u19,CalibratedClassifierCV,random,1
0,42,Private,Some-college,Married-civ-spouse,Prof-specialty,White,Male,0,0,40,United-States,1,u19,CalibratedClassifierCV,random,1
0,42,Local-gov,HS-grad,Married-civ-spouse,Exec-managerial,White,Male,0,0,40,United-States,1,u19,CalibratedClassifierCV,random,1
u20,34,Private,Masters,Never-married,Exec-managerial,White,Female,0,0,50,United-States,0,u20,CalibratedClassifierCV,random,0
0,34,State-gov,Masters,Married-spouse-absent,Exec-managerial,White,Female,0,0,50,United-States,1,u20,CalibratedClassifierCV,random,1
0,34,Private,Prof-school,Married-spouse-absent,Exec-managerial,White,Female,0,0,50,United-States,1,u20,CalibratedClassifierCV,random,1
0,34,Local-gov,Masters,Married-spouse-absent,Exec-managerial,White,Female,0,0,50,United-States,1,u20,CalibratedClassifierCV,random,1
0,34,Private,Doctorate,Married-spouse-absent,Exec-managerial,White,Female,0,0,50,United-States,1,u20,CalibratedClassifierCV,random,1
0,34,Local-gov,Masters,Married-civ-spouse,Exec-managerial,White,Female,0,0,50,United-States,1,u20,CalibratedClassifierCV,random,1
u22,46,Private,Bachelors,Married-civ-spouse,Transport-moving,White,Male,0,0,50,?,0,u22,CalibratedClassifierCV,random,0
0,46,Private,HS-grad,Married-civ-spouse,Transport-moving,White,Male,0,0,50,?,1,u22,CalibratedClassifierCV,random,0
0,46,Private,10th,Married-civ-spouse,Machine-op-inspct,White,Male,0,0,50,?,1,u22,CalibratedClassifierCV,random,0
0,46,Private,Bachelors,Divorced,Handlers-cleaners,White,Male,0,0,50,?,1,u22,CalibratedClassifierCV,random,0
0,46,Self-emp-inc,Bachelors,Married-civ-spouse,Protective-serv,White,Male,0,0,50,?,1,u22,CalibratedClassifierCV,random,0
0,46,Private,12th,Married-civ-spouse,Priv-house-serv,White,Male,0,0,50,?,1,u22,CalibratedClassifierCV,random,0
u23,54,Private,HS-grad,Married-civ-spouse,Transport-moving,White,Male,0,0,70,United-States,0,u23,CalibratedClassifierCV,random,0
0,54,Private,Some-college,Married-civ-spouse,Machine-op-inspct,White,Male,0,0,70,United-States,1,u23,CalibratedClassifierCV,random,1
0,54,Private,9th,Married-civ-spouse,Craft-repair,White,Male,0,0,70,United-States,1,u23,CalibratedClassifierCV,random,1
0,54,Private,Assoc-voc,Married-civ-spouse,Prof-specialty,White,Male,0,0,70,United-States,1,u23,CalibratedClassifierCV,random,1
0,54,Private,Some-college,Married-spouse-absent,Transport-moving,White,Male,0,0,70,United-States,1,u23,CalibratedClassifierCV,random,1
0,54,State-gov,HS-grad,Married-civ-spouse,Prof-specialty,White,Male,0,0,70,United-States,1,u23,CalibratedClassifierCV,random,1
u24,61,Private,Some-college,Never-married,Priv-house-serv,White,Female,0,0,40,United-States,0,u24,CalibratedClassifierCV,random,0
0,61,Private,Some-college,Married-spouse-absent,Sales,White,Female,0,0,40,United-States,1,u24,CalibratedClassifierCV,random,1
0,61,Private,Some-college,Married-civ-spouse,Prof-specialty,White,Female,0,0,40,United-States,1,u24,CalibratedClassifierCV,random,1
0,61,Private,Some-college,Married-spouse-absent,Priv-house-serv,White,Female,0,0,40,United-States,1,u24,CalibratedClassifierCV,random,1
0,61,State-gov,Some-college,Married-spouse-absent,Priv-house-serv,White,Female,0,0,40,United-States,1,u24,CalibratedClassifierCV,random,1
0,61,Private,Some-college,Separated,Prof-specialty,White,Female,0,0,40,United-States,1,u24,CalibratedClassifierCV,random,1
u25,46,Private,Assoc-acdm,Widowed,Tech-support,White,Female,6497,0,40,United-States,0,u25,CalibratedClassifierCV,random,0
0,46,Private,Some-college,Separated,Tech-support,White,Female,6497,0,40,United-States,1,u25,CalibratedClassifierCV,random,1
0,46,Local-gov,Prof-school,Widowed,Tech-support,White,Female,6497,0,40,United-States,1,u25,CalibratedClassifierCV,random,1
0,46,Private,Assoc-acdm,Married-civ-spouse,Prof-specialty,White,Female,6497,0,40,United-States,1,u25,CalibratedClassifierCV,random,1
0,46,Private,Assoc-voc,Married-spouse-absent,Tech-support,White,Female,6497,0,40,United-States,1,u25,CalibratedClassifierCV,random,1
0,46,Private,Assoc-acdm,Married-spouse-absent,Tech-support,White,Female,6497,0,40,United-States,1,u25,CalibratedClassifierCV,random,1
u26,36,Private,Assoc-acdm,Separated,Other-service,Black,Female,0,0,32,United-States,0,u26,CalibratedClassifierCV,random,0
0,36,Self-emp-inc,Bachelors,Married-spouse-absent,Exec-managerial,Black,Female,0,0,32,United-States,1,u26,CalibratedClassifierCV,random,1
0,36,Local-gov,Some-college,Married-civ-spouse,Craft-repair,Black,Female,0,0,32,United-States,1,u26,CalibratedClassifierCV,random,1
0,36,Local-gov,Prof-school,Married-civ-spouse,Sales,Black,Female,0,0,32,United-States,1,u26,CalibratedClassifierCV,random,1
0,36,Local-gov,Preschool,Married-spouse-absent,Prof-specialty,Black,Female,0,0,32,United-States,1,u26,CalibratedClassifierCV,random,1
u27,35,Private,Assoc-acdm,Married-civ-spouse,Craft-repair,White,Male,0,0,45,United-States,0,u27,CalibratedClassifierCV,random,0
0,35,Local-gov,Assoc-acdm,Married-spouse-absent,Craft-repair,White,Male,0,0,45,United-States,1,u27,CalibratedClassifierCV,random,1
0,35,Local-gov,Assoc-acdm,Married-civ-spouse,Prof-specialty,White,Male,0,0,45,United-States,1,u27,CalibratedClassifierCV,random,1
0,35,Local-gov,Doctorate,Married-civ-spouse,Craft-repair,White,Male,0,0,45,United-States,1,u27,CalibratedClassifierCV,random,1
0,35,Private,Prof-school,Married-civ-spouse,Prof-specialty,White,Male,0,0,45,United-States,1,u27,CalibratedClassifierCV,random,1
0,35,Local-gov,Assoc-voc,Married-civ-spouse,Craft-repair,White,Male,0,0,45,United-States,1,u27,CalibratedClassifierCV,random,1
u28,45,Private,HS-grad,Divorced,Adm-clerical,White,Female,0,0,38,United-States,0,u28,CalibratedClassifierCV,random,0
0,45,Private,Assoc-voc,Married-spouse-absent,Craft-repair,White,Female,0,0,38,United-States,1,u28,CalibratedClassifierCV,random,1
0,45,Private,Some-college,Married-spouse-absent,Exec-managerial,White,Female,0,0,38,United-States,1,u28,CalibratedClassifierCV,random,1
0,45,Private,9th,Married-spouse-absent,Exec-managerial,White,Female,0,0,38,United-States,1,u28,CalibratedClassifierCV,random,1
0,45,Local-gov,HS-grad,Married-spouse-absent,Exec-managerial,White,Female,0,0,38,United-States,1,u28,CalibratedClassifierCV,random,1
0,45,Private,Assoc-acdm,Married-spouse-absent,Prof-specialty,White,Female,0,0,38,United-States,1,u28,CalibratedClassifierCV,random,1
u29,32,Private,Some-college,Married-civ-spouse,Transport-moving,White,Male,0,0,60,United-States,0,u29,CalibratedClassifierCV,random,0
0,32,Local-gov,Some-college,Married-civ-spouse,Priv-house-serv,White,Male,0,0,60,United-States,1,u29,CalibratedClassifierCV,random,1
0,32,Local-gov,Some-college,Married-civ-spouse,Prof-specialty,White,Male,0,0,60,United-States,1,u29,CalibratedClassifierCV,random,1
0,32,Self-emp-not-inc,Some-college,Married-civ-spouse,Prof-specialty,White,Male,0,0,60,United-States,1,u29,CalibratedClassifierCV,random,1
0,32,State-gov,Some-college,Married-civ-spouse,Prof-specialty,White,Male,0,0,60,United-States,1,u29,CalibratedClassifierCV,random,1
0,32,Private,Some-college,Married-spouse-absent,Handlers-cleaners,White,Male,0,0,60,United-States,1,u29,CalibratedClassifierCV,random,1
u30,23,Private,Bachelors,Never-married,Other-service,White,Male,0,0,40,United-States,0,u30,CalibratedClassifierCV,random,0
0,23,Local-gov,Bachelors,Married-spouse-absent,Craft-repair,White,Male,0,0,40,United-States,1,u30,CalibratedClassifierCV,random,1
0,23,Local-gov,Bachelors,Married-spouse-absent,Sales,White,Male,0,0,40,United-States,1,u30,CalibratedClassifierCV,random,1
0,23,Local-gov,Bachelors,Married-spouse-absent,Tech-support,White,Male,0,0,40,United-States,1,u30,CalibratedClassifierCV,random,1
0,23,Local-gov,Some-college,Married-civ-spouse,Exec-managerial,White,Male,0,0,40,United-States,1,u30,CalibratedClassifierCV,random,1
0,23,Local-gov,12th,Married-spouse-absent,Tech-support,White,Male,0,0,40,United-States,1,u30,CalibratedClassifierCV,random,1
u31,21,Private,HS-grad,Never-married,Adm-clerical,White,Female,0,0,44,United-States,0,u31,CalibratedClassifierCV,random,0
0,21,Local-gov,HS-grad,Married-spouse-absent,Prof-specialty,White,Female,0,0,44,United-States,1,u31,CalibratedClassifierCV,random,1
0,21,Local-gov,12th,Married-spouse-absent,Tech-support,White,Female,0,0,44,United-States,1,u31,CalibratedClassifierCV,random,1
u32,34,Private,HS-grad,Married-civ-spouse,Craft-repair,White,Male,0,0,50,United-States,0,u32,CalibratedClassifierCV,random,0
0,34,Local-gov,Assoc-voc,Married-civ-spouse,Craft-repair,White,Male,0,0,50,United-States,1,u32,CalibratedClassifierCV,random,1
0,34,Local-gov,Prof-school,Married-civ-spouse,Craft-repair,White,Male,0,0,50,United-States,1,u32,CalibratedClassifierCV,random,1
0,34,Local-gov,HS-grad,Married-civ-spouse,Prof-specialty,White,Male,0,0,50,United-States,1,u32,CalibratedClassifierCV,random,1
0,34,Local-gov,Some-college,Married-civ-spouse,Craft-repair,White,Male,0,0,50,United-States,1,u32,CalibratedClassifierCV,random,1
0,34,Private,Bachelors,Married-spouse-absent,Craft-repair,White,Male,0,0,50,United-States,1,u32,CalibratedClassifierCV,random,1
u33,27,Private,Some-college,Never-married,Other-service,White,Male,0,0,40,United-States,0,u33,CalibratedClassifierCV,random,0
0,27,Local-gov,Some-college,Married-spouse-absent,Tech-support,White,Male,0,0,40,United-States,1,u33,CalibratedClassifierCV,random,1
0,27,Local-gov,Some-college,Married-civ-spouse,Sales,White,Male,0,0,40,United-States,1,u33,CalibratedClassifierCV,random,1
0,27,Self-emp-inc,Some-college,Married-spouse-absent,Exec-managerial,White,Male,0,0,40,United-States,1,u33,CalibratedClassifierCV,random,1
0,27,Federal-gov,Some-college,Married-spouse-absent,Exec-managerial,White,Male,0,0,40,United-States,1,u33,CalibratedClassifierCV,random,1
0,27,Local-gov,Some-college,Married-spouse-absent,Priv-house-serv,White,Male,0,0,40,United-States,1,u33,CalibratedClassifierCV,random,1
u34,24,Private,HS-grad,Never-married,Sales,Asian-Pac-Islander,Male,0,0,40,South,0,u34,CalibratedClassifierCV,random,0
0,24,Local-gov,Bachelors,Married-spouse-absent,Sales,Asian-Pac-Islander,Male,0,0,40,South,1,u34,CalibratedClassifierCV,random,1
0,24,Local-gov,12th,Married-spouse-absent,Prof-specialty,Asian-Pac-Islander,Male,0,0,40,South,1,u34,CalibratedClassifierCV,random,1
0,24,Local-gov,HS-grad,Married-spouse-absent,Prof-specialty,Asian-Pac-Islander,Male,0,0,40,South,1,u34,CalibratedClassifierCV,random,1
0,24,Local-gov,9th,Married-spouse-absent,Sales,Asian-Pac-Islander,Male,0,0,40,South,1,u34,CalibratedClassifierCV,random,1
0,24,Local-gov,Prof-school,Married-spouse-absent,Sales,Asian-Pac-Islander,Male,0,0,40,South,1,u34,CalibratedClassifierCV,random,1
u35,25,Private,Bachelors,Never-married,Adm-clerical,Asian-Pac-Islander,Female,0,0,40,United-States,0,u35,CalibratedClassifierCV,random,0
0,25,Local-gov,Bachelors,Married-civ-spouse,Exec-managerial,Asian-Pac-Islander,Female,0,0,40,United-States,1,u35,CalibratedClassifierCV,random,1
0,25,Private,Bachelors,Married-spouse-absent,Prof-specialty,Asian-Pac-Islander,Female,0,0,40,United-States,1,u35,CalibratedClassifierCV,random,1
0,25,Local-gov,Bachelors,Married-civ-spouse,Prof-specialty,Asian-Pac-Islander,Female,0,0,40,United-States,1,u35,CalibratedClassifierCV,random,1
0,25,Self-emp-not-inc,Bachelors,Married-spouse-absent,Prof-specialty,Asian-Pac-Islander,Female,0,0,40,United-States,1,u35,CalibratedClassifierCV,random,1
u36,67,Private,HS-grad,Married-civ-spouse,Sales,White,Male,0,0,10,United-States,0,u36,CalibratedClassifierCV,random,0
0,67,Private,Bachelors,Married-spouse-absent,Sales,White,Male,0,0,10,United-States,1,u36,CalibratedClassifierCV,random,1
0,67,Private,Prof-school,Married-civ-spouse,Prof-specialty,White,Male,0,0,10,United-States,1,u36,CalibratedClassifierCV,random,1
0,67,Private,Prof-school,Married-spouse-absent,Sales,White,Male,0,0,10,United-States,1,u36,CalibratedClassifierCV,random,1
0,67,Local-gov,Assoc-voc,Married-civ-spouse,Sales,White,Male,0,0,10,United-States,1,u36,CalibratedClassifierCV,random,1
0,67,Self-emp-inc,Some-college,Married-civ-spouse,Sales,White,Male,0,0,10,United-States,1,u36,CalibratedClassifierCV,random,1
u37,48,Self-emp-inc,HS-grad,Married-civ-spouse,Exec-managerial,White,Male,0,0,80,United-States,0,u37,CalibratedClassifierCV,random,0
0,48,Self-emp-inc,Assoc-voc,Widowed,Exec-managerial,White,Male,0,0,80,United-States,1,u37,CalibratedClassifierCV,random,0
0,48,Self-emp-not-inc,HS-grad,Widowed,Exec-managerial,White,Male,0,0,80,United-States,1,u37,CalibratedClassifierCV,random,0
0,48,Self-emp-inc,Preschool,Married-civ-spouse,Protective-serv,White,Male,0,0,80,United-States,1,u37,CalibratedClassifierCV,random,0
0,48,Self-emp-inc,7th-8th,Married-civ-spouse,Machine-op-inspct,White,Male,0,0,80,United-States,1,u37,CalibratedClassifierCV,random,0
0,48,Self-emp-not-inc,HS-grad,Married-civ-spouse,Priv-house-serv,White,Male,0,0,80,United-States,1,u37,CalibratedClassifierCV,random,0
u38,28,Private,Some-college,Never-married,Craft-repair,White,Male,0,0,50,United-States,0,u38,CalibratedClassifierCV,random,0
0,28,Private,Some-college,Married-spouse-absent,Exec-managerial,White,Male,0,0,50,United-States,1,u38,CalibratedClassifierCV,random,1
0,28,Self-emp-inc,Some-college,Married-spouse-absent,Craft-repair,White,Male,0,0,50,United-States,1,u38,CalibratedClassifierCV,random,1
0,28,Private,Prof-school,Married-spouse-absent,Craft-repair,White,Male,0,0,50,United-States,1,u38,CalibratedClassifierCV,random,1
0,28,?,Some-college,Married-spouse-absent,Craft-repair,White,Male,0,0,50,United-States,1,u38,CalibratedClassifierCV,random,1
0,28,Federal-gov,Some-college,Married-spouse-absent,Craft-repair,White,Male,0,0,50,United-States,1,u38,CalibratedClassifierCV,random,1
u39,26,Private,Some-college,Never-married,Craft-repair,Asian-Pac-Islander,Male,0,0,37,Taiwan,0,u39,CalibratedClassifierCV,random,0
0,26,Local-gov,Some-college,Married-spouse-absent,Craft-repair,Asian-Pac-Islander,Male,0,0,37,Taiwan,1,u39,CalibratedClassifierCV,random,1
0,26,Local-gov,Some-college,Married-civ-spouse,Craft-repair,Asian-Pac-Islander,Male,0,0,37,Taiwan,1,u39,CalibratedClassifierCV,random,1
0,26,Private,Some-college,Married-spouse-absent,Prof-specialty,Asian-Pac-Islander,Male,0,0,37,Taiwan,1,u39,CalibratedClassifierCV,random,1
0,26,State-gov,Some-college,Married-spouse-absent,Tech-support,Asian-Pac-Islander,Male,0,0,37,Taiwan,1,u39,CalibratedClassifierCV,random,1
0,26,?,Some-college,Married-spouse-absent,Prof-specialty,Asian-Pac-Islander,Male,0,0,37,Taiwan,1,u39,CalibratedClassifierCV,random,1
u40,43,Private,11th,Married-civ-spouse,Transport-moving,White,Male,0,2042,40,United-States,0,u40,CalibratedClassifierCV,random,0
0,43,Private,Bachelors,Married-civ-spouse,Tech-support,White,Male,0,2042,40,United-States,1,u40,CalibratedClassifierCV,random,1
0,43,Local-gov,Doctorate,Married-civ-spouse,Transport-moving,White,Male,0,2042,40,United-States,1,u40,CalibratedClassifierCV,random,1
0,43,Private,Some-college,Married-civ-spouse,Exec-managerial,White,Male,0,2042,40,United-States,1,u40,CalibratedClassifierCV,random,1
0,43,Local-gov,Masters,Married-civ-spouse,Transport-moving,White,Male,0,2042,40,United-States,1,u40,CalibratedClassifierCV,random,1
0,43,Local-gov,Some-college,Married-civ-spouse,Transport-moving,White,Male,0,2042,40,United-States,1,u40,CalibratedClassifierCV,random,1
u41,34,Private,HS-grad,Married-spouse-absent,Machine-op-inspct,White,Female,0,0,40,United-States,0,u41,CalibratedClassifierCV,random,0
0,34,Local-gov,Bachelors,Married-spouse-absent,Machine-op-inspct,White,Female,0,0,40,United-States,1,u41,CalibratedClassifierCV,random,1
0,34,Private,Bachelors,Married-spouse-absent,Exec-managerial,White,Female,0,0,40,United-States,1,u41,CalibratedClassifierCV,random,1
0,34,Local-gov,HS-grad,Married-spouse-absent,Tech-support,White,Female,0,0,40,United-States,1,u41,CalibratedClassifierCV,random,1
0,34,Local-gov,Masters,Married-spouse-absent,Machine-op-inspct,White,Female,0,0,40,United-States,1,u41,CalibratedClassifierCV,random,1
0,34,State-gov,Prof-school,Married-spouse-absent,Machine-op-inspct,White,Female,0,0,40,United-States,1,u41,CalibratedClassifierCV,random,1
u42,20,Private,11th,Never-married,Transport-moving,White,Male,0,0,60,United-States,0,u42,CalibratedClassifierCV,random,0
0,20,Self-emp-not-inc,Bachelors,Married-spouse-absent,Exec-managerial,White,Male,0,0,60,United-States,1,u42,CalibratedClassifierCV,random,1
0,20,Local-gov,Assoc-acdm,Married-spouse-absent,Craft-repair,White,Male,0,0,60,United-States,1,u42,CalibratedClassifierCV,random,1
0,20,Local-gov,Some-college,Married-spouse-absent,Transport-moving,White,Male,0,0,60,United-States,1,u42,CalibratedClassifierCV,random,1
0,20,Private,Prof-school,Married-spouse-absent,Exec-managerial,White,Male,0,0,60,United-States,1,u42,CalibratedClassifierCV,random,1
0,20,Local-gov,Prof-school,Separated,Prof-specialty,White,Male,0,0,60,United-States,1,u42,CalibratedClassifierCV,random,1
u43,21,?,Some-college,Never-married,?,White,Female,0,0,28,United-States,0,u43,CalibratedClassifierCV,random,0
0,21,Local-gov,Bachelors,Married-spouse-absent,Prof-specialty,White,Female,0,0,28,United-States,1,u43,CalibratedClassifierCV,random,1
0,21,Federal-gov,Some-college,Married-spouse-absent,Prof-specialty,White,Female,0,0,28,United-States,1,u43,CalibratedClassifierCV,random,1
0,21,Local-gov,Some-college,Married-spouse-absent,Exec-managerial,White,Female,0,0,28,United-States,1,u43,CalibratedClassifierCV,random,1
0,21,Local-gov,Some-college,Married-spouse-absent,Prof-specialty,White,Female,0,0,28,United-States,1,u43,CalibratedClassifierCV,random,1
0,21,Local-gov,Some-college,Married-civ-spouse,Prof-specialty,White,Female,0,0,28,United-States,1,u43,CalibratedClassifierCV,random,1
u44,23,Private,Some-college,Never-married,Priv-house-serv,White,Female,0,0,6,United-States,0,u44,CalibratedClassifierCV,random,0
0,23,Local-gov,Some-college,Married-spouse-absent,Prof-specialty,White,Female,0,0,6,United-States,1,u44,CalibratedClassifierCV,random,1
0,23,Local-gov,Some-college,Married-spouse-absent,Exec-managerial,White,Female,0,0,6,United-States,1,u44,CalibratedClassifierCV,random,1
0,23,Local-gov,Some-college,Married-civ-spouse,Exec-managerial,White,Female,0,0,6,United-States,1,u44,CalibratedClassifierCV,random,1
0,23,Local-gov,Masters,Married-spouse-absent,Prof-specialty,White,Female,0,0,6,United-States,1,u44,CalibratedClassifierCV,random,1
0,23,Local-gov,Some-college,Married-spouse-absent,Handlers-cleaners,White,Female,0,0,6,United-States,1,u44,CalibratedClassifierCV,random,1
u45,23,Self-emp-not-inc,HS-grad,Never-married,Transport-moving,White,Male,0,0,40,United-States,0,u45,CalibratedClassifierCV,random,0
0,23,Self-emp-not-inc,Prof-school,Married-spouse-absent,Tech-support,White,Male,0,0,40,United-States,1,u45,CalibratedClassifierCV,random,1
0,23,Self-emp-not-inc,Some-college,Married-spouse-absent,Prof-specialty,White,Male,0,0,40,United-States,1,u45,CalibratedClassifierCV,random,1
0,23,Self-emp-inc,Assoc-voc,Married-spouse-absent,Prof-specialty,White,Male,0,0,40,United-States,1,u45,CalibratedClassifierCV,random,1
0,23,Self-emp-not-inc,Some-college,Married-spouse-absent,Exec-managerial,White,Male,0,0,40,United-States,1,u45,CalibratedClassifierCV,random,1
u46,25,Private,Some-college,Never-married,Other-service,Other,Female,0,0,40,United-States,0,u46,CalibratedClassifierCV,random,0
0,25,Private,Some-college,Married-spouse-absent,Tech-support,Other,Female,0,0,40,United-States,1,u46,CalibratedClassifierCV,random,1
0,25,Private,Some-college,Married-civ-spouse,Prof-specialty,Other,Female,0,0,40,United-States,1,u46,CalibratedClassifierCV,random,1
0,25,Private,Some-college,Married-civ-spouse,Tech-support,Other,Female,0,0,40,United-States,1,u46,CalibratedClassifierCV,random,1
0,25,Private,Some-college,Married-spouse-absent,Prof-specialty,Other,Female,0,0,40,United-States,1,u46,CalibratedClassifierCV,random,1
0,25,Private,Some-college,Married-spouse-absent,Machine-op-inspct,Other,Female,0,0,40,United-States,1,u46,CalibratedClassifierCV,random,1
u47,28,Private,Bachelors,Never-married,Sales,White,Male,0,0,40,United-States,0,u47,CalibratedClassifierCV,random,0
0,28,Local-gov,Bachelors,Married-spouse-absent,Craft-repair,White,Male,0,0,40,United-States,1,u47,CalibratedClassifierCV,random,1
0,28,Self-emp-inc,Prof-school,Married-spouse-absent,Sales,White,Male,0,0,40,United-States,1,u47,CalibratedClassifierCV,random,1
0,28,Local-gov,Bachelors,Married-civ-spouse,Exec-managerial,White,Male,0,0,40,United-States,1,u47,CalibratedClassifierCV,random,1
0,28,Local-gov,12th,Married-spouse-absent,Sales,White,Male,0,0,40,United-States,1,u47,CalibratedClassifierCV,random,1
0,28,Local-gov,Bachelors,Married-civ-spouse,Tech-support,White,Male,0,0,40,United-States,1,u47,CalibratedClassifierCV,random,1
u48,46,Private,Assoc-acdm,Widowed,Tech-support,White,Female,6497,0,40,United-States,0,u48,CalibratedClassifierCV,random,0
0,46,Private,Assoc-acdm,Married-civ-spouse,Prof-specialty,White,Female,6497,0,40,United-States,1,u48,CalibratedClassifierCV,random,1
0,46,Self-emp-not-inc,Assoc-acdm,Married-spouse-absent,Tech-support,White,Female,6497,0,40,United-States,1,u48,CalibratedClassifierCV,random,1
0,46,Private,Assoc-acdm,Married-spouse-absent,?,White,Female,6497,0,40,United-States,1,u48,CalibratedClassifierCV,random,1
0,46,Private,Assoc-acdm,Married-civ-spouse,Machine-op-inspct,White,Female,6497,0,40,United-States,1,u48,CalibratedClassifierCV,random,1
0,46,State-gov,Assoc-acdm,Married-spouse-absent,Tech-support,White,Female,6497,0,40,United-States,1,u48,CalibratedClassifierCV,random,1
u49,26,Private,Bachelors,Never-married,Prof-specialty,White,Female,0,0,40,United-States,0,u49,CalibratedClassifierCV,random,0
0,26,State-gov,Bachelors,Married-spouse-absent,Prof-specialty,White,Female,0,0,40,United-States,1,u49,CalibratedClassifierCV,random,1
0,26,Private,Bachelors,Married-spouse-absent,Exec-managerial,White,Female,0,0,40,United-States,1,u49,CalibratedClassifierCV,random,1
0,26,Private,Assoc-voc,Married-spouse-absent,Prof-specialty,White,Female,0,0,40,United-States,1,u49,CalibratedClassifierCV,random,1
0,26,Self-emp-not-inc,Bachelors,Married-spouse-absent,Prof-specialty,White,Female,0,0,40,United-States,1,u49,CalibratedClassifierCV,random,1
0,26,?,Bachelors,Married-spouse-absent,Prof-specialty,White,Female,0,0,40,United-States,1,u49,CalibratedClassifierCV,random,1
u50,20,Private,Some-college,Never-married,Transport-moving,White,Male,0,0,35,United-States,0,u50,CalibratedClassifierCV,random,0
0,20,Local-gov,Some-college,Married-spouse-absent,Transport-moving,White,Male,0,0,35,United-States,1,u50,CalibratedClassifierCV,random,1
0,20,Private,Some-college,Married-spouse-absent,Prof-specialty,White,Male,0,0,35,United-States,1,u50,CalibratedClassifierCV,random,1
0,20,Private,Some-college,Married-spouse-absent,Exec-managerial,White,Male,0,0,35,United-States,1,u50,CalibratedClassifierCV,random,1
0,20,Local-gov,Some-college,Married-spouse-absent,Sales,White,Male,0,0,35,United-States,1,u50,CalibratedClassifierCV,random,1
0,20,Local-gov,Some-college,Married-civ-spouse,Exec-managerial,White,Male,0,0,35,United-States,1,u50,CalibratedClassifierCV,random,1
u51,53,Private,Bachelors,Never-married,Exec-managerial,White,Female,0,0,40,United-States,0,u51,CalibratedClassifierCV,random,0
0,53,Private,Masters,Married-spouse-absent,Exec-managerial,White,Female,0,0,40,United-States,1,u51,CalibratedClassifierCV,random,1
0,53,State-gov,Bachelors,Married-spouse-absent,Exec-managerial,White,Female,0,0,40,United-States,1,u51,CalibratedClassifierCV,random,1
0,53,Local-gov,Bachelors,Married-civ-spouse,Exec-managerial,White,Female,0,0,40,United-States,1,u51,CalibratedClassifierCV,random,1
0,53,State-gov,Bachelors,Married-civ-spouse,Exec-managerial,White,Female,0,0,40,United-States,1,u51,CalibratedClassifierCV,random,1
0,53,Private,Some-college,Married-civ-spouse,Exec-managerial,White,Female,0,0,40,United-States,1,u51,CalibratedClassifierCV,random,1
u52,19,Private,HS-grad,Never-married,Other-service,White,Female,0,1719,40,United-States,0,u52,CalibratedClassifierCV,random,0
0,19,Private,Some-college,Married-civ-spouse,Prof-specialty,White,Female,0,1719,40,United-States,1,u52,CalibratedClassifierCV,random,1
0,19,Private,Some-college,Married-spouse-absent,Tech-support,White,Female,0,1719,40,United-States,1,u52,CalibratedClassifierCV,random,1
0,19,Self-emp-inc,Bachelors,Married-spouse-absent,Tech-support,White,Female,0,1719,40,United-States,1,u52,CalibratedClassifierCV,random,1
0,19,Local-gov,Some-college,Married-spouse-absent,Tech-support,White,Female,0,1719,40,United-States,1,u52,CalibratedClassifierCV,random,1
0,19,Local-gov,Prof-school,Married-spouse-absent,Exec-managerial,White,Female,0,1719,40,United-States,1,u52,CalibratedClassifierCV,random,1
u53,33,Private,Bachelors,Never-married,Sales,White,Female,0,0,40,United-States,0,u53,CalibratedClassifierCV,random,0
0,33,Self-emp-inc,Bachelors,Married-spouse-absent,Sales,White,Female,0,0,40,United-States,1,u53,CalibratedClassifierCV,random,1
0,33,Local-gov,Bachelors,Married-spouse-absent,Sales,White,Female,0,0,40,United-States,1,u53,CalibratedClassifierCV,random,1
0,33,Local-gov,Bachelors,Married-civ-spouse,Sales,White,Female,0,0,40,United-States,1,u53,CalibratedClassifierCV,random,1
0,33,Private,Prof-school,Married-spouse-absent,Sales,White,Female,0,0,40,United-States,1,u53,CalibratedClassifierCV,random,1
0,33,Private,Some-college,Married-spouse-absent,Sales,White,Female,0,0,40,United-States,1,u53,CalibratedClassifierCV,random,1
u54,49,Private,HS-grad,Married-civ-spouse,Craft-repair,White,Male,0,0,40,United-States,0,u54,CalibratedClassifierCV,random,0
0,49,State-gov,Some-college,Married-civ-spouse,Craft-repair,White,Male,0,0,40,United-States,1,u54,CalibratedClassifierCV,random,1
0,49,Private,Prof-school,Married-civ-spouse,Tech-support,White,Male,0,0,40,United-States,1,u54,CalibratedClassifierCV,random,1
0,49,Local-gov,12th,Married-civ-spouse,Craft-repair,White,Male,0,0,40,United-States,1,u54,CalibratedClassifierCV,random,1
0,49,Private,Assoc-voc,Married-civ-spouse,Prof-specialty,White,Male,0,0,40,United-States,1,u54,CalibratedClassifierCV,random,1
0,49,Self-emp-inc,Some-college,Married-civ-spouse,Craft-repair,White,Male,0,0,40,United-States,1,u54,CalibratedClassifierCV,random,1
u55,42,Private,HS-grad,Divorced,Machine-op-inspct,White,Male,0,0,45,United-States,0,u55,CalibratedClassifierCV,random,0
0,42,Local-gov,Assoc-voc,Married-spouse-absent,Machine-op-inspct,White,Male,0,0,45,United-States,1,u55,CalibratedClassifierCV,random,1
0,42,Local-gov,HS-grad,Married-spouse-absent,Machine-op-inspct,White,Male,0,0,45,United-States,1,u55,CalibratedClassifierCV,random,1
0,42,Local-gov,HS-grad,Married-spouse-absent,Sales,White,Male,0,0,45,United-States,1,u55,CalibratedClassifierCV,random,1
0,42,Private,Prof-school,Married-civ-spouse,Tech-support,White,Male,0,0,45,United-States,1,u55,CalibratedClassifierCV,random,1
0,42,Private,9th,Married-spouse-absent,Prof-specialty,White,Male,0,0,45,United-States,1,u55,CalibratedClassifierCV,random,1
u56,26,Private,Assoc-acdm,Married-civ-spouse,Sales,White,Male,0,0,40,United-States,0,u56,CalibratedClassifierCV,random,0
0,26,Local-gov,Assoc-acdm,Married-spouse-absent,Sales,White,Male,0,0,40,United-States,1,u56,CalibratedClassifierCV,random,1
0,26,Local-gov,Prof-school,Married-civ-spouse,Sales,White,Male,0,0,40,United-States,1,u56,CalibratedClassifierCV,random,1
0,26,State-gov,Prof-school,Married-spouse-absent,Sales,White,Male,0,0,40,United-States,1,u56,CalibratedClassifierCV,random,1
0,26,Local-gov,Bachelors,Married-civ-spouse,Exec-managerial,White,Male,0,0,40,United-States,1,u56,CalibratedClassifierCV,random,1
0,26,Local-gov,Some-college,Married-civ-spouse,Machine-op-inspct,White,Male,0,0,40,United-States,1,u56,CalibratedClassifierCV,random,1
u57,45,?,HS-grad,Widowed,?,White,Female,0,0,38,United-States,0,u57,CalibratedClassifierCV,random,0
0,45,?,Prof-school,Married-civ-spouse,Prof-specialty,White,Female,0,0,38,United-States,1,u57,CalibratedClassifierCV,random,1
0,45,Local-gov,Doctorate,Married-spouse-absent,?,White,Female,0,0,38,United-States,1,u57,CalibratedClassifierCV,random,1
0,45,?,Doctorate,Married-spouse-absent,Prof-specialty,White,Female,0,0,38,United-States,1,u57,CalibratedClassifierCV,random,1
0,45,?,Some-college,Married-spouse-absent,Tech-support,White,Female,0,0,38,United-States,1,u57,CalibratedClassifierCV,random,1
0,45,Local-gov,HS-grad,Married-civ-spouse,Prof-specialty,White,Female,0,0,38,United-States,1,u57,CalibratedClassifierCV,random,1
u58,25,Private,Masters,Never-married,Prof-specialty,White,Female,4650,0,37,United-States,0,u58,CalibratedClassifierCV,random,0
0,25,Private,Preschool,Married-spouse-absent,Prof-specialty,White,Female,4650,0,37,United-States,1,u58,CalibratedClassifierCV,random,1
0,25,Private,9th,Married-civ-spouse,Prof-specialty,White,Female,4650,0,37,United-States,1,u58,CalibratedClassifierCV,random,1
0,25,Private,Doctorate,Married-spouse-absent,Prof-specialty,White,Female,4650,0,37,United-States,1,u58,CalibratedClassifierCV,random,1
0,25,Private,Assoc-voc,Married-civ-spouse,Prof-specialty,White,Female,4650,0,37,United-States,1,u58,CalibratedClassifierCV,random,1
0,25,Self-emp-not-inc,Masters,Married-civ-spouse,Prof-specialty,White,Female,4650,0,37,United-States,1,u58,CalibratedClassifierCV,random,1
u59,22,Private,HS-grad,Never-married,Machine-op-inspct,White,Male,0,0,40,United-States,0,u59,CalibratedClassifierCV,random,0
0,22,Local-gov,Masters,Married-spouse-absent,Machine-op-inspct,White,Male,0,0,40,United-States,1,u59,CalibratedClassifierCV,random,1
0,22,Local-gov,Assoc-voc,Married-spouse-absent,Machine-op-inspct,White,Male,0,0,40,United-States,1,u59,CalibratedClassifierCV,random,1
0,22,Local-gov,HS-grad,Married-spouse-absent,Tech-support,White,Male,0,0,40,United-States,1,u59,CalibratedClassifierCV,random,1
0,22,State-gov,Prof-school,Married-spouse-absent,Tech-support,White,Male,0,0,40,United-States,1,u59,CalibratedClassifierCV,random,1
u60,35,Private,Bachelors,Never-married,Sales,White,Male,0,0,50,United-States,0,u60,CalibratedClassifierCV,random,0
0,35,Private,Bachelors,Married-spouse-absent,Sales,White,Male,0,0,50,United-States,1,u60,CalibratedClassifierCV,random,1
0,35,Private,Bachelors,Married-spouse-absent,Prof-specialty,White,Male,0,0,50,United-States,1,u60,CalibratedClassifierCV,random,1
0,35,Private,Prof-school,Married-spouse-absent,Sales,White,Male,0,0,50,United-States,1,u60,CalibratedClassifierCV,random,1
0,35,Self-emp-inc,Bachelors,Married-spouse-absent,Sales,White,Male,0,0,50,United-States,1,u60,CalibratedClassifierCV,random,1
0,35,Private,Bachelors,Married-spouse-absent,Exec-managerial,White,Male,0,0,50,United-States,1,u60,CalibratedClassifierCV,random,1
u61,23,Private,Assoc-voc,Never-married,Machine-op-inspct,White,Male,0,0,40,United-States,0,u61,CalibratedClassifierCV,random,0
0,23,Local-gov,Assoc-voc,Married-spouse-absent,Machine-op-inspct,White,Male,0,0,40,United-States,1,u61,CalibratedClassifierCV,random,1
0,23,Private,Assoc-voc,Married-spouse-absent,Prof-specialty,White,Male,0,0,40,United-States,1,u61,CalibratedClassifierCV,random,1
0,23,Local-gov,9th,Married-spouse-absent,Machine-op-inspct,White,Male,0,0,40,United-States,1,u61,CalibratedClassifierCV,random,1
0,23,Local-gov,Assoc-voc,Married-spouse-absent,Tech-support,White,Male,0,0,40,United-States,1,u61,CalibratedClassifierCV,random,1
0,23,State-gov,Assoc-voc,Married-spouse-absent,Prof-specialty,White,Male,0,0,40,United-States,1,u61,CalibratedClassifierCV,random,1
u62,72,Private,11th,Widowed,Adm-clerical,White,Female,0,0,40,United-States,0,u62,CalibratedClassifierCV,random,0
0,72,Local-gov,Prof-school,Widowed,Exec-managerial,White,Female,0,0,40,United-States,1,u62,CalibratedClassifierCV,random,1
0,72,Private,9th,Married-civ-spouse,Prof-specialty,White,Female,0,0,40,United-States,1,u62,CalibratedClassifierCV,random,1
0,72,Private,10th,Married-spouse-absent,Exec-managerial,White,Female,0,0,40,United-States,1,u62,CalibratedClassifierCV,random,1
0,72,Private,Some-college,Married-spouse-absent,Craft-repair,White,Female,0,0,40,United-States,1,u62,CalibratedClassifierCV,random,1
0,72,Private,11th,Married-spouse-absent,Prof-specialty,White,Female,0,0,40,United-States,1,u62,CalibratedClassifierCV,random,1
u64,39,Private,HS-grad,Married-civ-spouse,Exec-managerial,White,Male,0,0,40,United-States,0,u64,CalibratedClassifierCV,random,0
0,39,Private,9th,Married-spouse-absent,Exec-managerial,White,Male,0,0,40,United-States,1,u64,CalibratedClassifierCV,random,1
0,39,Local-gov,12th,Married-civ-spouse,Exec-managerial,White,Male,0,0,40,United-States,1,u64,CalibratedClassifierCV,random,1
0,39,Local-gov,Prof-school,Married-civ-spouse,Exec-managerial,White,Male,0,0,40,United-States,1,u64,CalibratedClassifierCV,random,1
0,39,Local-gov,Assoc-voc,Married-civ-spouse,Exec-managerial,White,Male,0,0,40,United-States,1,u64,CalibratedClassifierCV,random,1
0,39,State-gov,Prof-school,Married-civ-spouse,Exec-managerial,White,Male,0,0,40,United-States,1,u64,CalibratedClassifierCV,random,1
u65,54,Private,Some-college,Divorced,Machine-op-inspct,White,Male,0,0,60,United-States,0,u65,CalibratedClassifierCV,random,0
0,54,Private,Some-college,Married-spouse-absent,Tech-support,White,Male,0,0,60,United-States,1,u65,CalibratedClassifierCV,random,1
0,54,Private,Some-college,Married-spouse-absent,Exec-managerial,White,Male,0,0,60,United-States,1,u65,CalibratedClassifierCV,random,1
0,54,Private,Some-college,Married-civ-spouse,Machine-op-inspct,White,Male,0,0,60,United-States,1,u65,CalibratedClassifierCV,random,1
0,54,Self-emp-inc,Some-college,Married-spouse-absent,Machine-op-inspct,White,Male,0,0,60,United-States,1,u65,CalibratedClassifierCV,random,1
0,54,Self-emp-not-inc,Some-college,Married-civ-spouse,Machine-op-inspct,White,Male,0,0,60,United-States,1,u65,CalibratedClassifierCV,random,1
u66,50,Private,Bachelors,Never-married,Sales,White,Female,0,0,32,United-States,0,u66,CalibratedClassifierCV,random,0
0,50,Private,Bachelors,Married-spouse-absent,Craft-repair,White,Female,0,0,32,United-States,1,u66,CalibratedClassifierCV,random,1
0,50,Private,Assoc-voc,Married-spouse-absent,Sales,White,Female,0,0,32,United-States,1,u66,CalibratedClassifierCV,random,1
0,50,Private,Bachelors,Married-spouse-absent,Sales,White,Female,0,0,32,United-States,1,u66,CalibratedClassifierCV,random,1
0,50,Self-emp-inc,Bachelors,Married-spouse-absent,Sales,White,Female,0,0,32,United-States,1,u66,CalibratedClassifierCV,random,1
0,50,State-gov,Bachelors,Married-spouse-absent,Sales,White,Female,0,0,32,United-States,1,u66,CalibratedClassifierCV,random,1
u67,27,Private,Bachelors,Never-married,Prof-specialty,White,Female,0,0,40,United-States,0,u67,CalibratedClassifierCV,random,0
0,27,Self-emp-inc,Bachelors,Married-spouse-absent,Prof-specialty,White,Female,0,0,40,United-States,1,u67,CalibratedClassifierCV,random,1
0,27,Local-gov,Bachelors,Married-civ-spouse,Prof-specialty,White,Female,0,0,40,United-States,1,u67,CalibratedClassifierCV,random,1
0,27,Private,Bachelors,Married-spouse-absent,Prof-specialty,White,Female,0,0,40,United-States,1,u67,CalibratedClassifierCV,random,1
0,27,Private,Doctorate,Married-spouse-absent,Prof-specialty,White,Female,0,0,40,United-States,1,u67,CalibratedClassifierCV,random,1
0,27,Federal-gov,Bachelors,Married-spouse-absent,Prof-specialty,White,Female,0,0,40,United-States,1,u67,CalibratedClassifierCV,random,1
u68,24,Private,HS-grad,Never-married,Other-service,Black,Male,0,0,40,United-States,0,u68,CalibratedClassifierCV,random,0
0,24,Private,Some-college,Married-spouse-absent,Prof-specialty,Black,Male,0,0,40,United-States,1,u68,CalibratedClassifierCV,random,1
u69,49,Private,Some-college,Never-married,Exec-managerial,White,Female,0,0,40,United-States,0,u69,CalibratedClassifierCV,random,0
0,49,Private,Prof-school,Married-civ-spouse,Exec-managerial,White,Female,0,0,40,United-States,1,u69,CalibratedClassifierCV,random,1
0,49,Private,12th,Married-spouse-absent,Exec-managerial,White,Female,0,0,40,United-States,1,u69,CalibratedClassifierCV,random,1
0,49,Private,Prof-school,Married-spouse-absent,Exec-managerial,White,Female,0,0,40,United-States,1,u69,CalibratedClassifierCV,random,1
0,49,Private,Bachelors,Married-spouse-absent,Exec-managerial,White,Female,0,0,40,United-States,1,u69,CalibratedClassifierCV,random,1
0,49,Self-emp-not-inc,Some-college,Married-spouse-absent,Exec-managerial,White,Female,0,0,40,United-States,1,u69,CalibratedClassifierCV,random,1
u70,28,Private,Bachelors,Married-civ-spouse,Prof-specialty,White,Male,0,0,40,United-States,0,u70,CalibratedClassifierCV,random,0
0,28,Local-gov,Bachelors,Married-civ-spouse,Craft-repair,White,Male,0,0,40,United-States,1,u70,CalibratedClassifierCV,random,1
0,28,Private,Assoc-voc,Married-spouse-absent,Prof-specialty,White,Male,0,0,40,United-States,1,u70,CalibratedClassifierCV,random,1
0,28,Local-gov,Assoc-voc,Married-civ-spouse,Prof-specialty,White,Male,0,0,40,United-States,1,u70,CalibratedClassifierCV,random,1
0,28,State-gov,Prof-school,Married-civ-spouse,Prof-specialty,White,Male,0,0,40,United-States,1,u70,CalibratedClassifierCV,random,1
0,28,State-gov,Bachelors,Married-spouse-absent,Prof-specialty,White,Male,0,0,40,United-States,1,u70,CalibratedClassifierCV,random,1
u71,21,Private,HS-grad,Never-married,Other-service,White,Male,0,0,40,United-States,0,u71,CalibratedClassifierCV,random,0
0,21,Local-gov,HS-grad,Married-spouse-absent,Exec-managerial,White,Male,0,0,40,United-States,1,u71,CalibratedClassifierCV,random,1
0,21,Private,Some-college,Married-spouse-absent,Prof-specialty,White,Male,0,0,40,United-States,1,u71,CalibratedClassifierCV,random,1
0,21,Private,Some-college,Married-spouse-absent,Tech-support,White,Male,0,0,40,United-States,1,u71,CalibratedClassifierCV,random,1
u72,22,Private,Bachelors,Never-married,Exec-managerial,White,Male,2202,0,4,United-States,0,u72,CalibratedClassifierCV,random,0
0,22,Local-gov,Bachelors,Married-spouse-absent,Tech-support,White,Male,2202,0,4,United-States,1,u72,CalibratedClassifierCV,random,1
0,22,Local-gov,Bachelors,Married-civ-spouse,Exec-managerial,White,Male,2202,0,4,United-States,1,u72,CalibratedClassifierCV,random,1
0,22,Local-gov,Bachelors,Married-spouse-absent,Machine-op-inspct,White,Male,2202,0,4,United-States,1,u72,CalibratedClassifierCV,random,1
0,22,Local-gov,Prof-school,Married-spouse-absent,Exec-managerial,White,Male,2202,0,4,United-States,1,u72,CalibratedClassifierCV,random,1
0,22,Local-gov,Bachelors,Married-spouse-absent,Exec-managerial,White,Male,2202,0,4,United-States,1,u72,CalibratedClassifierCV,random,1
u73,25,Private,Masters,Never-married,Other-service,White,Female,0,0,37,United-States,0,u73,CalibratedClassifierCV,random,0
0,25,Local-gov,Masters,Married-civ-spouse,Prof-specialty,White,Female,0,0,37,United-States,1,u73,CalibratedClassifierCV,random,1
0,25,Local-gov,Masters,Married-spouse-absent,Craft-repair,White,Female,0,0,37,United-States,1,u73,CalibratedClassifierCV,random,1
0,25,Private,Bachelors,Married-spouse-absent,Prof-specialty,White,Female,0,0,37,United-States,1,u73,CalibratedClassifierCV,random,1
0,25,Local-gov,Masters,Married-spouse-absent,Exec-managerial,White,Female,0,0,37,United-States,1,u73,CalibratedClassifierCV,random,1
0,25,Local-gov,9th,Married-civ-spouse,Exec-managerial,White,Female,0,0,37,United-States,1,u73,CalibratedClassifierCV,random,1
u74,29,Private,HS-grad,Married-civ-spouse,Other-service,Asian-Pac-Islander,Male,0,0,25,Philippines,0,u74,CalibratedClassifierCV,random,0
0,29,Private,Prof-school,Married-spouse-absent,Prof-specialty,Asian-Pac-Islander,Male,0,0,25,Philippines,1,u74,CalibratedClassifierCV,random,1
u75,48,Local-gov,Bachelors,Never-married,Adm-clerical,White,Female,0,0,35,United-States,0,u75,CalibratedClassifierCV,random,0
0,48,Local-gov,Bachelors,Married-civ-spouse,Exec-managerial,White,Female,0,0,35,United-States,1,u75,CalibratedClassifierCV,random,1
0,48,Local-gov,Bachelors,Married-spouse-absent,Craft-repair,White,Female,0,0,35,United-States,1,u75,CalibratedClassifierCV,random,1
0,48,Local-gov,Bachelors,Married-civ-spouse,Handlers-cleaners,White,Female,0,0,35,United-States,1,u75,CalibratedClassifierCV,random,1
0,48,Local-gov,Bachelors,Married-spouse-absent,Machine-op-inspct,White,Female,0,0,35,United-States,1,u75,CalibratedClassifierCV,random,1
0,48,Local-gov,Bachelors,Married-spouse-absent,Prof-specialty,White,Female,0,0,35,United-States,1,u75,CalibratedClassifierCV,random,1
u76,27,Private,Bachelors,Never-married,Tech-support,White,Female,0,0,40,United-States,0,u76,CalibratedClassifierCV,random,0
0,27,Private,Bachelors,Married-spouse-absent,Prof-specialty,White,Female,0,0,40,United-States,1,u76,CalibratedClassifierCV,random,1
0,27,Private,Some-college,Married-spouse-absent,Tech-support,White,Female,0,0,40,United-States,1,u76,CalibratedClassifierCV,random,1
0,27,Private,Bachelors,Married-spouse-absent,Exec-managerial,White,Female,0,0,40,United-States,1,u76,CalibratedClassifierCV,random,1
0,27,Local-gov,Bachelors,Married-spouse-absent,Tech-support,White,Female,0,0,40,United-States,1,u76,CalibratedClassifierCV,random,1
0,27,Private,Prof-school,Married-spouse-absent,Tech-support,White,Female,0,0,40,United-States,1,u76,CalibratedClassifierCV,random,1
u77,43,Private,HS-grad,Never-married,Adm-clerical,White,Female,0,0,40,United-States,0,u77,CalibratedClassifierCV,random,0
0,43,Private,Prof-school,Married-spouse-absent,Sales,White,Female,0,0,40,United-States,1,u77,CalibratedClassifierCV,random,1
0,43,State-gov,Bachelors,Married-spouse-absent,Exec-managerial,White,Female,0,0,40,United-States,1,u77,CalibratedClassifierCV,random,1
0,43,Local-gov,Some-college,Married-spouse-absent,Adm-clerical,White,Female,0,0,40,United-States,1,u77,CalibratedClassifierCV,random,1
0,43,Federal-gov,Some-college,Married-spouse-absent,Prof-specialty,White,Female,0,0,40,United-States,1,u77,CalibratedClassifierCV,random,1
0,43,Local-gov,Bachelors,Married-spouse-absent,Machine-op-inspct,White,Female,0,0,40,United-States,1,u77,CalibratedClassifierCV,random,1
u78,18,Private,Some-college,Never-married,Sales,White,Male,0,0,28,United-States,0,u78,CalibratedClassifierCV,random,0
0,18,Local-gov,Some-college,Married-spouse-absent,Sales,White,Male,0,0,28,United-States,1,u78,CalibratedClassifierCV,random,1
0,18,Local-gov,Some-college,Married-civ-spouse,Tech-support,White,Male,0,0,28,United-States,1,u78,CalibratedClassifierCV,random,1
0,18,Local-gov,Some-college,Married-spouse-absent,Handlers-cleaners,White,Male,0,0,28,United-States,1,u78,CalibratedClassifierCV,random,1
0,18,Local-gov,Some-college,Married-civ-spouse,Prof-specialty,White,Male,0,0,28,United-States,1,u78,CalibratedClassifierCV,random,1
0,18,Local-gov,Some-college,Married-spouse-absent,Craft-repair,White,Male,0,0,28,United-States,1,u78,CalibratedClassifierCV,random,1
u79,27,Self-emp-not-inc,Some-college,Never-married,Craft-repair,White,Male,0,0,35,United-States,0,u79,CalibratedClassifierCV,random,0
0,27,Local-gov,Some-college,Married-spouse-absent,Craft-repair,White,Male,0,0,35,United-States,1,u79,CalibratedClassifierCV,random,1
0,27,Self-emp-not-inc,Some-college,Married-spouse-absent,Prof-specialty,White,Male,0,0,35,United-States,1,u79,CalibratedClassifierCV,random,1
0,27,State-gov,Some-college,Married-spouse-absent,Craft-repair,White,Male,0,0,35,United-States,1,u79,CalibratedClassifierCV,random,1
0,27,Self-emp-inc,Some-college,Married-spouse-absent,Craft-repair,White,Male,0,0,35,United-States,1,u79,CalibratedClassifierCV,random,1
0,27,Self-emp-not-inc,Some-college,Married-spouse-absent,Tech-support,White,Male,0,0,35,United-States,1,u79,CalibratedClassifierCV,random,1
u80,29,Private,Assoc-voc,Divorced,Tech-support,White,Female,2174,0,45,United-States,0,u80,CalibratedClassifierCV,random,0
0,29,Federal-gov,Assoc-voc,Married-spouse-absent,Tech-support,White,Female,2174,0,45,United-States,1,u80,CalibratedClassifierCV,random,1
0,29,Local-gov,Assoc-voc,Married-spouse-absent,Tech-support,White,Female,2174,0,45,United-States,1,u80,CalibratedClassifierCV,random,1
0,29,Private,Some-college,Married-spouse-absent,Tech-support,White,Female,2174,0,45,United-States,1,u80,CalibratedClassifierCV,random,1
0,29,Private,Assoc-voc,Married-civ-spouse,Prof-specialty,White,Female,2174,0,45,United-States,1,u80,CalibratedClassifierCV,random,1
0,29,State-gov,Assoc-voc,Married-spouse-absent,Tech-support,White,Female,2174,0,45,United-States,1,u80,CalibratedClassifierCV,random,1
u81,19,Private,Some-college,Never-married,Sales,White,Female,0,0,15,United-States,0,u81,CalibratedClassifierCV,random,0
0,19,Local-gov,Some-college,Married-spouse-absent,Sales,White,Female,0,0,15,United-States,1,u81,CalibratedClassifierCV,random,1
0,19,Local-gov,Some-college,Married-spouse-absent,Machine-op-inspct,White,Female,0,0,15,United-States,1,u81,CalibratedClassifierCV,random,1
0,19,Local-gov,Bachelors,Married-spouse-absent,Sales,White,Female,0,0,15,United-States,1,u81,CalibratedClassifierCV,random,1
u82,19,Private,Some-college,Never-married,Adm-clerical,White,Female,0,0,20,United-States,0,u82,CalibratedClassifierCV,random,0
0,19,Local-gov,Some-college,Married-spouse-absent,Exec-managerial,White,Female,0,0,20,United-States,1,u82,CalibratedClassifierCV,random,1
0,19,Local-gov,Some-college,Married-spouse-absent,Machine-op-inspct,White,Female,0,0,20,United-States,1,u82,CalibratedClassifierCV,random,1
0,19,Local-gov,Some-college,Married-spouse-absent,Sales,White,Female,0,0,20,United-States,1,u82,CalibratedClassifierCV,random,1
0,19,Local-gov,9th,Married-spouse-absent,Exec-managerial,White,Female,0,0,20,United-States,1,u82,CalibratedClassifierCV,random,1
0,19,Local-gov,Some-college,Married-spouse-absent,Tech-support,White,Female,0,0,20,United-States,1,u82,CalibratedClassifierCV,random,1
u83,19,State-gov,Some-college,Never-married,Prof-specialty,White,Male,0,0,10,United-States,0,u83,CalibratedClassifierCV,random,0
0,19,State-gov,Some-college,Married-spouse-absent,Prof-specialty,White,Male,0,0,10,United-States,1,u83,CalibratedClassifierCV,random,1
0,19,State-gov,Prof-school,Married-spouse-absent,Prof-specialty,White,Male,0,0,10,United-States,1,u83,CalibratedClassifierCV,random,1
0,19,Local-gov,Some-college,Married-civ-spouse,Prof-specialty,White,Male,0,0,10,United-States,1,u83,CalibratedClassifierCV,random,1
0,19,Local-gov,Some-college,Married-spouse-absent,Prof-specialty,White,Male,0,0,10,United-States,1,u83,CalibratedClassifierCV,random,1
u84,68,Private,HS-grad,Married-civ-spouse,Protective-serv,White,Male,0,0,24,United-States,0,u84,CalibratedClassifierCV,random,0
0,68,Local-gov,HS-grad,Married-civ-spouse,Craft-repair,White,Male,0,0,24,United-States,1,u84,CalibratedClassifierCV,random,1
0,68,Local-gov,HS-grad,Married-civ-spouse,Tech-support,White,Male,0,0,24,United-States,1,u84,CalibratedClassifierCV,random,1
0,68,Local-gov,HS-grad,Married-civ-spouse,Exec-managerial,White,Male,0,0,24,United-States,1,u84,CalibratedClassifierCV,random,1
0,68,Private,HS-grad,Married-spouse-absent,Exec-managerial,White,Male,0,0,24,United-States,1,u84,CalibratedClassifierCV,random,1
0,68,Private,Some-college,Married-civ-spouse,Prof-specialty,White,Male,0,0,24,United-States,1,u84,CalibratedClassifierCV,random,1
u85,55,Self-emp-not-inc,HS-grad,Married-civ-spouse,Craft-repair,White,Male,0,0,40,United-States,0,u85,CalibratedClassifierCV,random,0
0,55,Self-emp-inc,Prof-school,Married-civ-spouse,Craft-repair,White,Male,0,0,40,United-States,1,u85,CalibratedClassifierCV,random,1
0,55,Private,Prof-school,Married-civ-spouse,Craft-repair,White,Male,0,0,40,United-States,1,u85,CalibratedClassifierCV,random,1
0,55,Self-emp-inc,Bachelors,Married-civ-spouse,Craft-repair,White,Male,0,0,40,United-States,1,u85,CalibratedClassifierCV,random,1
0,55,State-gov,Some-college,Married-civ-spouse,Craft-repair,White,Male,0,0,40,United-States,1,u85,CalibratedClassifierCV,random,1
0,55,Local-gov,HS-grad,Married-civ-spouse,Prof-specialty,White,Male,0,0,40,United-States,1,u85,CalibratedClassifierCV,random,1
u86,25,Private,Masters,Never-married,Prof-specialty,White,Male,0,0,30,United-States,0,u86,CalibratedClassifierCV,random,0
0,25,Local-gov,Masters,Married-civ-spouse,Prof-specialty,White,Male,0,0,30,United-States,1,u86,CalibratedClassifierCV,random,1
0,25,Local-gov,Masters,Married-spouse-absent,Prof-specialty,White,Male,0,0,30,United-States,1,u86,CalibratedClassifierCV,random,1
0,25,Private,Prof-school,Married-spouse-absent,Prof-specialty,White,Male,0,0,30,United-States,1,u86,CalibratedClassifierCV,random,1
0,25,Private,Bachelors,Married-spouse-absent,Prof-specialty,White,Male,0,0,30,United-States,1,u86,CalibratedClassifierCV,random,1
0,25,Private,Some-college,Married-spouse-absent,Prof-specialty,White,Male,0,0,30,United-States,1,u86,CalibratedClassifierCV,random,1
u87,31,Private,HS-grad,Separated,Other-service,White,Male,0,0,40,United-States,0,u87,CalibratedClassifierCV,random,0
0,31,Private,Prof-school,Married-spouse-absent,Sales,White,Male,0,0,40,United-States,1,u87,CalibratedClassifierCV,random,1
0,31,Local-gov,Prof-school,Separated,Prof-specialty,White,Male,0,0,40,United-States,1,u87,CalibratedClassifierCV,random,1
0,31,Local-gov,HS-grad,Married-spouse-absent,Craft-repair,White,Male,0,0,40,United-States,1,u87,CalibratedClassifierCV,random,1
0,31,State-gov,Some-college,Married-spouse-absent,Sales,White,Male,0,0,40,United-States,1,u87,CalibratedClassifierCV,random,1
0,31,State-gov,9th,Married-spouse-absent,Prof-specialty,White,Male,0,0,40,United-States,1,u87,CalibratedClassifierCV,random,1
u88,48,?,HS-grad,Never-married,?,White,Female,0,0,18,United-States,0,u88,CalibratedClassifierCV,random,0
0,48,Local-gov,HS-grad,Married-spouse-absent,Prof-specialty,White,Female,0,0,18,United-States,1,u88,CalibratedClassifierCV,random,1
0,48,Local-gov,Preschool,Married-spouse-absent,Prof-specialty,White,Female,0,0,18,United-States,1,u88,CalibratedClassifierCV,random,1
0,48,Local-gov,HS-grad,Married-spouse-absent,Craft-repair,White,Female,0,0,18,United-States,1,u88,CalibratedClassifierCV,random,1
0,48,?,Bachelors,Married-spouse-absent,Prof-specialty,White,Female,0,0,18,United-States,1,u88,CalibratedClassifierCV,random,1
0,48,Local-gov,Some-college,Married-civ-spouse,Exec-managerial,White,Female,0,0,18,United-States,1,u88,CalibratedClassifierCV,random,1
u89,37,Local-gov,HS-grad,Divorced,Adm-clerical,White,Female,0,0,40,United-States,0,u89,CalibratedClassifierCV,random,0
0,37,Local-gov,Some-college,Married-spouse-absent,Adm-clerical,White,Female,0,0,40,United-States,1,u89,CalibratedClassifierCV,random,1
0,37,Local-gov,HS-grad,Married-spouse-absent,Prof-specialty,White,Female,0,0,40,United-States,1,u89,CalibratedClassifierCV,random,1
0,37,Local-gov,HS-grad,Married-spouse-absent,Craft-repair,White,Female,0,0,40,United-States,1,u89,CalibratedClassifierCV,random,1
0,37,Local-gov,HS-grad,Married-civ-spouse,Prof-specialty,White,Female,0,0,40,United-States,1,u89,CalibratedClassifierCV,random,1
0,37,Local-gov,HS-grad,Married-spouse-absent,Exec-managerial,White,Female,0,0,40,United-States,1,u89,CalibratedClassifierCV,random,1
u90,32,State-gov,Masters,Married-civ-spouse,Prof-specialty,White,Male,0,0,50,United-States,0,u90,CalibratedClassifierCV,random,0
0,32,State-gov,9th,Married-spouse-absent,Prof-specialty,White,Male,0,0,50,United-States,1,u90,CalibratedClassifierCV,random,1
0,32,Local-gov,Masters,Married-civ-spouse,Prof-specialty,White,Male,0,0,50,United-States,1,u90,CalibratedClassifierCV,random,1
0,32,Self-emp-inc,Masters,Married-spouse-absent,Prof-specialty,White,Male,0,0,50,United-States,1,u90,CalibratedClassifierCV,random,1
0,32,Private,Masters,Married-spouse-absent,Prof-specialty,White,Male,0,0,50,United-States,1,u90,CalibratedClassifierCV,random,1
0,32,Local-gov,Masters,Married-civ-spouse,Sales,White,Male,0,0,50,United-States,1,u90,CalibratedClassifierCV,random,1
u91,26,Private,Some-college,Never-married,Tech-support,White,Female,0,0,40,United-States,0,u91,CalibratedClassifierCV,random,0
0,26,Federal-gov,Some-college,Married-spouse-absent,Tech-support,White,Female,0,0,40,United-States,1,u91,CalibratedClassifierCV,random,1
0,26,Local-gov,Some-college,Married-civ-spouse,Tech-support,White,Female,0,0,40,United-States,1,u91,CalibratedClassifierCV,random,1
0,26,Private,Some-college,Married-spouse-absent,Exec-managerial,White,Female,0,0,40,United-States,1,u91,CalibratedClassifierCV,random,1
0,26,State-gov,Some-college,Married-spouse-absent,Tech-support,White,Female,0,0,40,United-States,1,u91,CalibratedClassifierCV,random,1
0,26,Private,Some-college,Married-spouse-absent,Craft-repair,White,Female,0,0,40,United-States,1,u91,CalibratedClassifierCV,random,1
u92,40,Private,Bachelors,Married-civ-spouse,Adm-clerical,White,Male,0,0,40,United-States,0,u92,CalibratedClassifierCV,random,0
0,40,Private,Prof-school,Married-civ-spouse,Prof-specialty,White,Male,0,0,40,United-States,1,u92,CalibratedClassifierCV,random,1
0,40,Local-gov,Bachelors,Married-civ-spouse,Exec-managerial,White,Male,0,0,40,United-States,1,u92,CalibratedClassifierCV,random,1
0,40,Private,Bachelors,Married-spouse-absent,Exec-managerial,White,Male,0,0,40,United-States,1,u92,CalibratedClassifierCV,random,1
0,40,Self-emp-inc,Bachelors,Married-civ-spouse,Prof-specialty,White,Male,0,0,40,United-States,1,u92,CalibratedClassifierCV,random,1
0,40,Local-gov,Bachelors,Married-civ-spouse,Craft-repair,White,Male,0,0,40,United-States,1,u92,CalibratedClassifierCV,random,1
u93,24,Private,Bachelors,Never-married,Adm-clerical,White,Female,0,0,45,United-States,0,u93,CalibratedClassifierCV,random,0
0,24,Local-gov,Bachelors,Married-civ-spouse,Craft-repair,White,Female,0,0,45,United-States,1,u93,CalibratedClassifierCV,random,1
0,24,Local-gov,Bachelors,Married-spouse-absent,Machine-op-inspct,White,Female,0,0,45,United-States,1,u93,CalibratedClassifierCV,random,1
0,24,State-gov,Bachelors,Married-spouse-absent,Exec-managerial,White,Female,0,0,45,United-States,1,u93,CalibratedClassifierCV,random,1
0,24,Private,Bachelors,Married-spouse-absent,Exec-managerial,White,Female,0,0,45,United-States,1,u93,CalibratedClassifierCV,random,1
0,24,Local-gov,Bachelors,Married-civ-spouse,Exec-managerial,White,Female,0,0,45,United-States,1,u93,CalibratedClassifierCV,random,1
u94,41,Federal-gov,Bachelors,Divorced,Prof-specialty,White,Male,0,0,40,United-States,0,u94,CalibratedClassifierCV,random,0
0,41,State-gov,Bachelors,Married-civ-spouse,Prof-specialty,White,Male,0,0,40,United-States,1,u94,CalibratedClassifierCV,random,1
0,41,Self-emp-inc,Bachelors,Married-spouse-absent,Prof-specialty,White,Male,0,0,40,United-States,1,u94,CalibratedClassifierCV,random,1
0,41,Local-gov,Bachelors,Separated,Prof-specialty,White,Male,0,0,40,United-States,1,u94,CalibratedClassifierCV,random,1
0,41,Federal-gov,Prof-school,Married-civ-spouse,Prof-specialty,White,Male,0,0,40,United-States,1,u94,CalibratedClassifierCV,random,1
0,41,Federal-gov,Some-college,Married-spouse-absent,Prof-specialty,White,Male,0,0,40,United-States,1,u94,CalibratedClassifierCV,random,1
u95,44,Private,11th,Separated,Other-service,Black,Female,0,0,60,United-States,0,u95,CalibratedClassifierCV,random,0
0,44,Private,Prof-school,Married-civ-spouse,Exec-managerial,Black,Female,0,0,60,United-States,1,u95,CalibratedClassifierCV,random,1
0,44,Private,Some-college,Married-spouse-absent,Prof-specialty,Black,Female,0,0,60,United-States,1,u95,CalibratedClassifierCV,random,1
0,44,Private,Some-college,Married-spouse-absent,Tech-support,Black,Female,0,0,60,United-States,1,u95,CalibratedClassifierCV,random,1
0,44,Private,Bachelors,Married-spouse-absent,Sales,Black,Female,0,0,60,United-States,1,u95,CalibratedClassifierCV,random,1
0,44,Private,9th,Married-spouse-absent,Craft-repair,Black,Female,0,0,60,United-States,1,u95,CalibratedClassifierCV,random,1
u96,49,Private,Bachelors,Married-civ-spouse,Craft-repair,White,Male,0,0,60,United-States,0,u96,CalibratedClassifierCV,random,0
0,49,Private,12th,Married-civ-spouse,Priv-house-serv,White,Male,0,0,60,United-States,1,u96,CalibratedClassifierCV,random,0
0,49,Private,Assoc-acdm,Married-civ-spouse,Machine-op-inspct,White,Male,0,0,60,United-States,1,u96,CalibratedClassifierCV,random,0
0,49,Private,9th,Married-civ-spouse,Handlers-cleaners,White,Male,0,0,60,United-States,1,u96,CalibratedClassifierCV,random,0
0,49,Private,HS-grad,Married-civ-spouse,Prof-specialty,White,Male,0,0,60,United-States,1,u96,CalibratedClassifierCV,random,0
0,49,Private,Bachelors,Separated,Tech-support,White,Male,0,0,60,United-States,1,u96,CalibratedClassifierCV,random,0
u97,34,Private,Bachelors,Never-married,Machine-op-inspct,White,Female,0,0,39,United-States,0,u97,CalibratedClassifierCV,random,0
0,34,Private,Bachelors,Married-spouse-absent,Tech-support,White,Female,0,0,39,United-States,1,u97,CalibratedClassifierCV,random,1
0,34,Self-emp-inc,Bachelors,Married-spouse-absent,Exec-managerial,White,Female,0,0,39,United-States,1,u97,CalibratedClassifierCV,random,1
0,34,Local-gov,9th,Married-spouse-absent,Machine-op-inspct,White,Female,0,0,39,United-States,1,u97,CalibratedClassifierCV,random,1
0,34,Local-gov,Masters,Married-spouse-absent,Machine-op-inspct,White,Female,0,0,39,United-States,1,u97,CalibratedClassifierCV,random,1
0,34,Private,Prof-school,Married-spouse-absent,Craft-repair,White,Female,0,0,39,United-States,1,u97,CalibratedClassifierCV,random,1
u98,50,Private,1st-4th,Married-spouse-absent,Craft-repair,White,Male,0,0,40,United-States,0,u98,CalibratedClassifierCV,random,0
0,50,Local-gov,1st-4th,Married-spouse-absent,Craft-repair,White,Male,0,0,40,United-States,1,u98,CalibratedClassifierCV,random,1
0,50,Local-gov,9th,Married-spouse-absent,Craft-repair,White,Male,0,0,40,United-States,1,u98,CalibratedClassifierCV,random,1
0,50,Federal-gov,Bachelors,Married-spouse-absent,Craft-repair,White,Male,0,0,40,United-States,1,u98,CalibratedClassifierCV,random,1
0,50,Private,Assoc-voc,Married-spouse-absent,Prof-specialty,White,Male,0,0,40,United-States,1,u98,CalibratedClassifierCV,random,1
0,50,Self-emp-inc,Doctorate,Married-spouse-absent,Craft-repair,White,Male,0,0,40,United-States,1,u98,CalibratedClassifierCV,random,1
u99,33,Local-gov,Assoc-voc,Married-civ-spouse,Tech-support,White,Male,0,0,40,United-States,0,u99,CalibratedClassifierCV,random,0
0,33,Local-gov,12th,Divorced,Tech-support,White,Male,0,0,40,United-States,1,u99,CalibratedClassifierCV,random,0
0,33,State-gov,Assoc-acdm,Married-civ-spouse,Tech-support,White,Male,0,0,40,United-States,1,u99,CalibratedClassifierCV,random,0
0,33,Local-gov,Masters,Married-civ-spouse,?,White,Male,0,0,40,United-States,1,u99,CalibratedClassifierCV,random,0
0,33,Local-gov,Assoc-voc,Divorced,Priv-house-serv,White,Male,0,0,40,United-States,1,u99,CalibratedClassifierCV,random,0
0,33,Local-gov,5th-6th,Married-civ-spouse,Priv-house-serv,White,Male,0,0,40,United-States,1,u99,CalibratedClassifierCV,random,0
